landrace,plant,ptno,block,ind,dss21,leaf21,di21,dss35,leaf35,di35,dss50,leaf50,di50,dss65,leaf65,di65,dss80,leaf80,di80,dss95,leaf95,di95,dss110,leaf110,di110,dss125,leaf125,di125,dss140,leaf140,di140,dss155,leaf155,di155
Lemat,Enset,1,1,1,0,6,0,0,5,0,0,6,0,1,6,0.67,2,6,1.33,2,7,1.14,2,6,1.33,2,7,1.14,1,5,0.8,1,4,1
Lemat,Enset,2,1,1,0,5,0,0,4,0,0,5,0,0,5,0,0,5,0,0,6,0,0,7,0,1,6,0.67,0,5,0,0,4,0
Lemat,Enset,3,1,1,0,7,0,0,6,0,0,7,0,1,6,0.67,1,6,0.67,1,7,0.57,2,6,1.33,2,6,1.33,2,6,1.33,2,5,1.6
Lemat,Enset,4,1,1,0,7,0,0,7,0,0,7,0,0,7,0,1,7,0.57,1,8,0.5,2,6,1.33,2,8,1,1,7,0.57,0,7,0
Lemat,Enset,5,1,1,0,7,0,0,7,0,0,7,0,0,7,0,0,7,0,0,7,0,0,5,0,1,6,0.67,1,5,0.8,1,4,1
Lemat,Enset,6,1,1,0,6,0,0,6,0,0,6,0,0,6,0,0,6,0,0,6,0,0,6,0,0,6,0,0,7,0,0,7,0
Lemat,Enset,7,1,1,0,7,0,0,7,0,0,7,0,0,7,0,1,7,0.57,1,7,0.57,1,7,0.57,1,7,0.57,2,7,1.14,2,6,1.33
Lemat,Enset,8,1,1,0,6,0,0,6,0,0,6,0,0,6,0,0,6,0,0,6,0,0,6,0,0,6,0,0,7,0,0,7,0
Lemat,Enset,9,1,1,0,5,0,0,5,0,0,5,0,0,5,0,0,5,0,0,5,0,0,6,0,0,6,0,0,6,0,0,6,0
Lemat,Enset,10,1,1,0,5,0,0,5,0,0,5,0,0,5,0,0,5,0,0,5,0,0,6,0,0,6,0,0,6,0,0,6,0
Nechuwe,Enset,1,1,2,0,6,0,0,5,0,0,6,0,0,4,0,1,3,1.33,1,3,1.33,1,4,1,4,5,3.2,3,5,2.4,3,3,4
Nechuwe,Enset,2,1,2,0,4,0,0,4,0,0,4,0,0,4,0,2,5,1.6,3,4,3,4,4,4,5,5,4,5,6,3.33,6,6,4
Nechuwe,Enset,3,1,2,0,4,0,0,5,0,0,6,0,0,5,0,2,4,2,4,5,3.2,1,1,4,1,1,4,1,1,4,1,1,4
Nechuwe,Enset,4,1,2,0,7,0,0,7,0,0,7,0,0,5,0,0,6,0,0,6,0,0,6,0,1,6,0.67,2,6,1.33,2,5,1.6
Nechuwe,Enset,5,1,2,0,7,0,0,7,0,0,7,0,0,7,0,0,7,0,1,7,0.57,1,6,0.67,1,7,0.57,2,7,1.14,2,7,1.14
Nechuwe,Enset,6,1,2,0,8,0,1,8,0.5,1,8,0.5,0,7,0,0,8,0,0,8,0,0,8,0,0,12,0,0,11,0,3,11,1.09
Nechuwe,Enset,7,1,2,0,5,0,0,5,0,1,5,0.8,2,4,2,2,5,1.6,2,5,1.6,1,6,0.67,2,5,1.6,1,5,0.8,3,6,2
Nechuwe,Enset,8,1,2,0,8,0,0,8,0,0,8,0,2,7,1.14,3,7,1.71,3,7,1.71,2,6,1.33,4,7,2.29,4,7,2.29,5,6,3.33
Nechuwe,Enset,9,1,2,0,7,0,0,7,0,0,7,0,0,7,0,0,7,0,0,8,0,0,9,0,0,9,0,0,10,0,0,11,0
Nechuwe,Enset,10,1,2,0,7,0,0,7,0,0,7,0,0,7,0,0,7,0,0,7,0,0,8,0,0,9,0,0,10,0,0,11,0
Unjame,Enset,1,1,3,0,8,0,1,7,0.57,1,8,0.5,0,7,0,0,7,0,0,5,0,0,6,0,1,6,0.67,1,6,0.67,1,6,0.67
Unjame,Enset,2,1,3,0,5,0,0,5,0,0,5,0,1,5,0.8,1,5,0.8,2,5,1.6,2,5,1.6,3,5,2.4,2,5,1.6,4,5,3.2
Unjame,Enset,3,1,3,0,5,0,2,6,1.33,4,6,2.67,1,1,4,1,1,4,1,1,4,1,1,4,1,1,4,1,1,4,1,1,4
Unjame,Enset,4,1,3,0,5,0,0,5,0,0,5,0,2,4,2,2,5,1.6,2,5,1.6,2,5,1.6,3,5,2.4,2,6,1.33,3,6,2
Unjame,Enset,5,1,3,0,4,0,0,4,0,1,4,1,1,1,4,1,1,4,1,1,4,1,1,4,1,1,4,1,1,4,1,1,4
Unjame,Enset,6,1,3,0,5,0,0,5,0,0,5,0,1,5,0.8,0,6,0,0,6,0,0,6,0,3,4,3,1,5,0.8,2,4,2
Unjame,Enset,7,1,3,0,5,0,0,5,0,0,5,0,2,6,1.33,2,7,1.14,2,8,1,2,9,0.89,4,9,1.78,4,9,1.78,5,8,2.5
Unjame,Enset,8,1,3,0,6,0,0,6,0,0,6,0,2,7,1.14,3,7,1.71,3,8,1.5,3,9,1.33,3,9,1.33,4,8,2,3,7,1.71
Unjame,Enset,9,1,3,0,4,0,0,4,0,0,4,0,2,6,1.33,2,5,1.6,2,6,1.33,2,6,1.33,3,6,2,3,6,2,3,5,2.4
Unjame,Enset,10,1,3,0,5,0,0,5,0,0,5,0,2,6,1.33,2,5,1.6,0,6,0,0,7,0,0,7,0,0,7,0,0,6,0
Dirbo,Enset,1,1,4,1,5,0.8,1,5,0.8,1,5,0.8,3,6,2,3,5,2.4,4,6,2.67,4,7,2.29,6,7,3.43,4,6,2.67,6,6,4
Dirbo,Enset,2,1,4,1,6,0.67,2,6,1.33,2,6,1.33,3,6,2,4,7,2.29,5,7,2.86,6,7,3.43,6,7,3.43,5,6,3.33,6,6,4
Dirbo,Enset,3,1,4,3,6,2,5,6,3.33,1,1,4,1,1,4,1,1,4,1,1,4,1,1,4,1,1,4,1,1,4,1,1,4
Dirbo,Enset,4,1,4,1,6,0.67,2,6,1.33,5,6,3.33,4,7,2.29,4,6,2.67,5,7,2.86,5,7,2.86,6,8,3,6,8,3,5,7,2.86
Dirbo,Enset,5,1,4,0,8,0,0,8,0,0,8,0,1,6,0.67,1,6,0.67,2,6,1.33,2,6,1.33,4,7,2.29,2,6,1.33,1,6,0.67
Dirbo,Enset,6,1,4,0,7,0,0,7,0,0,7,0,0,7,0,0,7,0,0,9,0,0,10,0,1,12,0.33,1,12,0.33,1,13,0.31
Dirbo,Enset,7,1,4,1,7,0.57,1,7,0.57,1,7,0.57,4,7,2.29,4,6,2.67,5,8,2.5,4,7,2.29,5,8,2.5,3,8,1.5,2,8,1
Dirbo,Enset,8,1,4,0,6,0,0,6,0,0,6,0,1,5,0.8,1,6,0.67,0,6,0,1,6,0.67,1,7,0.57,1,6,0.67,1,7,0.57
Dirbo,Enset,9,1,4,0,6,0,1,6,0.67,1,6,0.67,2,8,1,2,8,1,0,8,0,3,8,1.5,5,8,2.5,5,8,2.5,5,8,2.5
Dirbo,Enset,10,1,4,0,7,0,1,7,0.57,1,7,0.57,2,7,1.14,3,8,1.5,0,8,0,3,8,1.5,4,8,2,5,8,2.5,5,8,2.5
Wachiso,Enset,1,1,5,2,8,1,3,8,1.5,3,8,1.5,3,7,1.71,3,8,1.5,5,7,2.86,5,7,2.86,11,11,4,6,7,3.43,6,8,3
Wachiso,Enset,2,1,5,2,5,1.6,1,5,0.8,3,5,2.4,2,5,1.6,2,5,1.6,2,5,1.6,2,7,1.14,3,6,2,2,6,1.33,3,6,2
Wachiso,Enset,3,1,5,0,8,0,0,8,0,0,8,0,2,5,1.6,2,5,1.6,0,5,0,2,7,1.14,3,6,2,2,6,1.33,1,6,0.67
Wachiso,Enset,4,1,5,1,6,0.67,2,6,1.33,2,6,1.33,4,6,2.67,4,6,2.67,3,6,2,3,5,2.4,6,6,4,2,7,1.14,2,7,1.14
Wachiso,Enset,5,1,5,2,6,1.33,3,6,2,4,6,2.67,1,5,0.8,5,5,4,3,6,2,4,6,2.67,7,7,4,5,6,3.33,7,7,4
Wachiso,Enset,6,1,5,2,6,1.33,2,6,1.33,5,6,3.33,6,8,3,4,8,2,8,11,2.91,8,10,3.2,12,12,4,8,11,2.91,8,11,2.91
Wachiso,Enset,7,1,5,0,9,0,0,9,0,0,9,0,0,9,0,0,9,0,0,9,0,0,10,0,0,11,0,1,12,0.33,0,12,0
Wachiso,Enset,8,1,5,3,8,1.5,3,7,1.71,3,7,1.71,4,8,2,5,8,2.5,5,8,2.5,5,7,2.86,9,9,4,6,7,3.43,5,6,3.33
Wachiso,Enset,9,1,5,0,6,0,0,6,0,1,6,0.67,2,8,1,3,8,1.5,7,8,3.5,8,9,3.56,10,10,4,4,11,1.45,6,11,2.18
Wachiso,Enset,10,1,5,0,6,0,0,6,0,0,6,0,0,6,0,0,6,0,0,6,0,0,6,0,0,6,0,0,6,0,0,6,0
Hae'la,Enset,1,1,6,0,7,0,0,7,0,0,7,0,0,6,0,0,7,0,0,7,0,0,7,0,0,8,0,1,6,0.67,1,7,0.57
Hae'la,Enset,2,1,6,0,7,0,0,7,0,0,7,0,0,4,0,0,5,0,0,3,0,0,4,0,0,5,0,0,6,0,0,4,0
Hae'la,Enset,3,1,6,0,7,0,0,7,0,0,7,0,0,9,0,0,10,0,0,10,0,0,11,0,1,15,0.27,1,13,0.31,1,13,0.31
Hae'la,Enset,4,1,6,0,6,0,0,6,0,0,6,0,0,5,0,0,6,0,0,7,0,0,7,0,0,6,0,0,6,0,0,6,0
Hae'la,Enset,5,1,6,0,7,0,0,7,0,0,7,0,0,7,0,0,8,0,0,7,0,0,7,0,0,6,0,0,5,0,1,5,0.8
Hae'la,Enset,6,1,6,0,9,0,0,9,0,0,9,0,0,8,0,0,9,0,0,9,0,2,7,1.14,0,8,0,0,7,0,0,7,0
Hae'la,Enset,7,1,6,0,6,0,0,6,0,0,6,0,0,6,0,0,7,0,0,8,0,0,11,0,1,12,0.33,0,10,0,1,10,0.4
Hae'la,Enset,8,1,6,0,6,0,0,6,0,0,6,0,0,7,0,0,8,0,0,9,0,0,10,0,0,11,0,1,10,0.4,1,10,0.4
Hae'la,Enset,9,1,6,0,5,0,0,5,0,0,5,0,0,5,0,0,5,0,0,5,0,0,5,0,0,6,0,0,5,0,0,5,0
Hae'la,Enset,10,1,6,0,6,0,0,6,0,0,6,0,0,6,0,0,6,0,0,6,0,0,6,0,0,6,0,0,6,0,0,6,0
Gefetano,Enset,1,1,7,0,4,0,0,4,0,2,5,1.6,3,5,2.4,4,6,2.67,5,5,4,5,6,3.33,5,6,3.33,6,6,4,7,7,4
Gefetano,Enset,2,1,7,0,6,0,0,6,0,0,6,0,2,5,1.6,1,5,0.8,2,6,1.33,4,5,3.2,4,5,3.2,3,3,4,1,4,1
Gefetano,Enset,3,1,7,0,7,0,0,7,0,0,7,0,1,8,0.5,0,9,0,0,10,0,1,1,4,1,1,4,1,1,4,1,1,4
Gefetano,Enset,4,1,7,0,4,0,0,4,0,0,4,0,1,5,0.8,0,6,0,0,2,0,2,6,1.33,2,4,2,2,4,2,0,3,0
Gefetano,Enset,5,1,7,0,5,0,0,5,0,0,5,0,2,4,2,1,4,1,2,3,2.67,4,6,2.67,4,4,4,2,4,2,1,3,1.33
Gefetano,Enset,6,1,7,0,5,0,0,5,0,0,5,0,2,5,1.6,2,5,1.6,3,5,2.4,6,7,3.43,7,8,3.5,3,7,1.71,2,6,1.33
Gefetano,Enset,7,1,7,0,5,0,0,5,0,0,5,0,2,5,1.6,2,5,1.6,3,5,2.4,3,10,1.2,5,6,3.33,2,6,1.33,3,6,2
Gefetano,Enset,8,1,7,0,5,0,0,5,0,0,5,0,1,5,0.8,1,5,0.8,2,3,2.67,2,11,0.73,2,5,1.6,2,6,1.33,3,5,2.4
Gefetano,Enset,9,1,7,0,5,0,0,5,0,0,5,0,2,2,4,1,4,1,2,4,2,1,1,4,1,1,4,1,1,4,1,1,4
Gefetano,Enset,10,1,7,0,6,0,0,6,0,0,6,0,0,7,0,1,6,0.67,2,6,1.33,4,6,2.67,2,10,0.8,4,10,1.6,4,10,1.6
Godere  ,Enset,1,1,8,0,8,0,0,8,0,3,8,1.5,8,8,4,1,1,4,1,1,4,1,1,4,1,1,4,1,1,4,1,1,4
Godere  ,Enset,2,1,8,0,7,0,0,7,0,1,7,0.57,4,6,2.67,4,6,2.67,4,7,2.29,4,6,2.67,9,9,4,7,7,4,9,9,4
Godere  ,Enset,3,1,8,0,7,0,1,7,0.57,0,7,0,6,8,3,6,8,3,9,9,4,9,12,3,11,12,3.67,5,6,3.33,1,1,4
Godere  ,Enset,4,1,8,0,6,0,0,6,0,1,6,0.67,4,7,2.29,4,6,2.67,5,7,2.86,5,5,4,10,10,4,7,7,4,8,8,4
Godere  ,Enset,5,1,8,0,6,0,1,6,0.67,1,6,0.67,2,6,1.33,2,6,1.33,2,7,1.14,2,4,2,6,6,4,4,6,2.67,4,5,3.2
Godere  ,Enset,6,1,8,0,6,0,1,6,0.67,1,6,0.67,3,6,2,3,6,2,5,7,2.86,5,7,2.86,9,9,4,9,9,4,14,14,4
Godere  ,Enset,7,1,8,0,7,0,0,7,0,0,7,0,1,8,0.5,0,9,0,1,10,0.4,1,5,0.8,3,12,1,6,12,2,2,10,0.8
Godere  ,Enset,8,1,8,0,7,0,1,7,0.57,1,7,0.57,2,7,1.14,2,8,1,2,10,0.8,2,3,2.67,4,12,1.33,8,12,2.67,6,12,2
Godere  ,Enset,9,1,8,0,7,0,0,7,0,0,7,0,1,6,0.67,1,1,4,1,1,4,1,1,4,1,1,4,1,1,4,1,1,4
Godere  ,Enset,10,1,8,0,6,0,0,6,0,3,6,2,3,6,2,4,6,2.67,4,7,2.29,1,9,0.44,4,7,2.29,4,7,2.29,4,8,2
Yesha,Enset,1,1,9,2,6,1.33,3,6,2,3,6,2,3,6,2,2,6,1.33,3,7,1.71,3,7,1.71,5,8,2.5,5,7,2.86,3,6,2
Yesha,Enset,2,1,9,2,7,1.14,3,7,1.71,4,7,2.29,4,7,2.29,2,6,1.33,4,5,3.2,4,5,3.2,4,6,2.67,3,5,2.4,4,6,2.67
Yesha,Enset,3,1,9,0,7,0,0,7,0,1,7,0.57,2,6,1.33,2,6,1.33,0,6,0,1,6,0.67,3,5,2.4,3,5,2.4,4,5,3.2
Yesha,Enset,4,1,9,2,8,1,1,6,0.67,3,7,1.71,5,7,2.86,6,9,2.67,8,11,2.91,9,12,3,10,13,3.08,11,11,4,9,9,4
Yesha,Enset,5,1,9,2,8,1,1,8,0.5,2,8,1,4,9,1.78,4,8,2,5,8,2.5,3,8,1.5,6,8,3,5,7,2.86,3,5,2.4
Yesha,Enset,6,1,9,0,6,0,0,6,0,0,6,0,3,6,2,2,5,1.6,3,7,1.71,4,7,2.29,5,7,2.86,6,6,4,6,6,4
Yesha,Enset,7,1,9,0,7,0,0,7,0,0,7,0,5,6,3.33,4,6,2.67,5,6,3.33,4,6,2.67,5,7,2.86,4,7,2.29,4,6,2.67
Yesha,Enset,8,1,9,0,6,0,0,6,0,0,6,0,4,6,2.67,4,6,2.67,4,7,2.29,4,8,2,5,8,2.5,3,8,1.5,4,7,2.29
Yesha,Enset,9,1,9,0,5,0,0,5,0,0,5,0,2,7,1.14,2,6,1.33,2,8,1,3,10,1.2,3,11,1.09,4,9,1.78,4,8,2
Yesha,Enset,10,1,9,0,5,0,0,5,0,0,5,0,0,5,0,2,6,1.33,2,8,1,2,8,1,3,9,1.33,3,9,1.33,3,9,1.33
Alagena,Enset,1,1,10,0,6,0,0,6,0,0,6,0,2,5,1.6,2,5,1.6,2,5,1.6,2,5,1.6,4,6,2.67,2,6,1.33,3,5,2.4
Alagena,Enset,2,1,10,0,6,0,0,6,0,1,6,0.67,2,5,1.6,2,5,1.6,3,5,2.4,4,5,3.2,3,6,2,4,6,2.67,3,5,2.4
Alagena,Enset,3,1,10,0,7,0,0,7,0,1,7,0.57,1,6,0.67,1,5,0.8,1,6,0.67,1,5,0.8,2,5,1.6,2,6,1.33,3,6,2
Alagena,Enset,4,1,10,0,7,0,0,7,0,1,7,0.57,1,6,0.67,1,5,0.8,2,6,1.33,2,6,1.33,4,7,2.29,3,6,2,2,5,1.6
Alagena,Enset,5,1,10,0,6,0,0,6,0,2,6,1.33,1,6,0.67,1,5,0.8,3,6,2,3,5,2.4,4,6,2.67,4,6,2.67,5,5,4
Alagena,Enset,6,1,10,0,7,0,0,7,0,1,7,0.57,1,6,0.67,2,7,1.14,2,8,1,2,9,0.89,4,10,1.6,6,10,2.4,8,9,3.56
Alagena,Enset,7,1,10,0,6,0,0,6,0,1,6,0.67,1,6,0.67,1,8,0.5,2,10,0.8,2,11,0.73,2,13,0.62,5,10,2,6,10,2.4
Alagena,Enset,8,1,10,0,6,0,0,7,0,0,8,0,1,8,0.5,1,9,0.44,2,10,0.8,1,9,0.44,1,9,0.44,1,10,0.4,0,10,0
Alagena,Enset,9,1,10,0,8,0,0,8,0,0,8,0,3,7,1.71,3,8,1.5,1,9,0.44,1,11,0.36,2,12,0.67,1,12,0.33,0,11,0
Alagena,Enset,10,1,10,0,9,0,0,9,0,0,9,0,1,8,0.5,1,10,0.4,1,11,0.36,1,12,0.33,4,13,1.23,0,12,0,2,11,0.73
Mazia,Enset,1,1,11,0,5,0,0,5,0,0,5,0,0,5,0,0,5,0,0,5,0,0,5,0,1,7,0.57,0,6,0,0,6,0
Mazia,Enset,2,1,11,0,7,0,0,9,0,0,10,0,1,10,0.4,1,10,0.4,2,12,0.67,2,13,0.62,3,14,0.86,4,15,1.07,1,15,0.27
Mazia,Enset,3,1,11,0,6,0,0,7,0,0,7,0,0,9,0,1,7,0.57,1,8,0.5,2,7,1.14,3,7,1.71,2,7,1.14,0,7,0
Mazia,Enset,4,1,11,0,6,0,0,6,0,0,6,0,0,7,0,0,6,0,2,6,1.33,3,6,2,3,6,2,2,5,1.6,2,5,1.6
Mazia,Enset,5,1,11,0,5,0,0,5,0,0,5,0,1,4,1,1,5,0.8,2,5,1.6,4,5,3.2,2,5,1.6,3,5,2.4,3,4,3
Mazia,Enset,6,1,11,0,5,0,0,5,0,0,5,0,0,5,0,1,4,1,0,4,0,0,4,0,0,4,0,0,4,0,0,4,0
Mazia,Enset,7,1,11,0,6,0,0,6,0,0,6,0,1,5,0.8,0,5,0,0,5,0,1,8,0.5,1,8,0.5,2,7,1.14,2,7,1.14
Mazia,Enset,8,1,11,0,7,0,0,7,0,0,7,0,1,7,0.57,1,7,0.57,2,7,1.14,2,6,1.33,2,7,1.14,2,8,1,2,3,2.67
Mazia,Enset,9,1,11,0,5,0,0,5,0,0,5,0,0,3,0,0,4,0,0,4,0,0,5,0,0,5,0,1,4,1,2,4,2
Mazia,Enset,10,1,11,0,6,0,0,6,0,0,6,0,1,6,0.67,1,4,1,1,4,1,1,4,1,2,4,2,1,4,1,1,5,0.8
Abatemerza,Enset,1,1,12,0,6,0,0,6,0,0,6,0,1,7,0.57,1,5,0.8,2,5,1.6,2,5,1.6,3,6,2,2,5,1.6,2,5,1.6
Abatemerza,Enset,2,1,12,0,6,0,0,6,0,2,6,1.33,3,6,2,3,7,1.71,4,7,2.29,6,7,3.43,5,6,3.33,4,6,2.67,9,9,4
Abatemerza,Enset,3,1,12,0,7,0,2,6,1.33,2,6,1.33,2,6,1.33,2,6,1.33,2,6,1.33,0,5,0,1,5,0.8,0,5,0,7,7,4
Abatemerza,Enset,4,1,12,0,6,0,0,6,0,2,6,1.33,4,6,2.67,4,5,3.2,5,5,4,4,5,3.2,6,7,3.43,7,8,3.5,7,8,3.5
Abatemerza,Enset,5,1,12,0,8,0,1,8,0.5,2,8,1,1,7,0.57,1,8,0.5,1,8,0.5,1,10,0.4,3,9,1.33,3,8,1.5,4,5,3.2
Abatemerza,Enset,6,1,12,0,7,0,1,7,0.57,2,7,1.14,2,5,1.6,2,6,1.33,2,6,1.33,2,9,0.89,5,9,2.22,3,7,1.71,3,5,2.4
Abatemerza,Enset,7,1,12,0,7,0,0,7,0,0,7,0,0,7,0,0,6,0,0,6,0,0,8,0,2,6,1.33,1,7,0.57,2,6,1.33
Abatemerza,Enset,8,1,12,0,7,0,0,7,0,2,7,1.14,1,7,0.57,2,7,1.14,3,7,1.71,5,6,3.33,4,5,3.2,2,5,1.6,2,5,1.6
Abatemerza,Enset,9,1,12,0,6,0,0,6,0,2,6,1.33,4,6,2.67,4,6,2.67,3,6,2,4,6,2.67,4,6,2.67,3,7,1.71,3,7,1.71
Abatemerza,Enset,10,1,12,0,7,0,1,7,0.57,1,7,0.57,1,4,1,1,4,1,2,4,2,3,7,1.71,4,8,2,3,9,1.33,4,6,2.67
Kuro,Enset,1,1,13,0,7,0,0,7,0,1,7,0.57,1,8,0.5,0,7,0,1,12,0.33,2,13,0.62,3,13,0.92,2,10,0.8,5,8,2.5
Kuro,Enset,2,1,13,0,6,0,0,6,0,0,6,0,0,5,0,2,7,1.14,4,7,2.29,4,6,2.67,4,6,2.67,3,7,1.71,3,5,2.4
Kuro,Enset,3,1,13,0,6,0,0,6,0,0,6,0,0,6,0,1,7,0.57,3,6,2,5,6,3.33,6,6,4,3,7,1.71,2,7,1.14
Kuro,Enset,4,1,13,1,6,0.67,0,6,0,0,6,0,0,5,0,0,5,0,0,5,0,0,5,0,1,5,0.8,0,6,0,0,6,0
Kuro,Enset,5,1,13,0,7,0,0,7,0,0,7,0,0,5,0,0,5,0,1,6,0.67,1,6,0.67,1,6,0.67,2,7,1.14,3,6,2
Kuro,Enset,6,1,13,0,7,0,0,7,0,0,7,0,1,8,0.5,2,8,1,2,10,0.8,3,11,1.09,5,13,1.54,3,13,0.92,2,12,0.67
Kuro,Enset,7,1,13,0,7,0,0,7,0,0,7,0,0,6,0,2,6,1.33,2,6,1.33,2,6,1.33,3,6,2,2,6,1.33,2,4,2
Kuro,Enset,8,1,13,0,7,0,0,7,0,1,7,0.57,1,5,0.8,1,6,0.67,2,8,1,2,8,1,2,8,1,1,9,0.44,1,7,0.57
Kuro,Enset,9,1,13,0,6,0,0,6,0,0,6,0,0,5,0,0,7,0,0,6,0,0,9,0,0,9,0,1,9,0.44,2,7,1.14
Kuro,Enset,10,1,13,0,7,0,0,7,0,0,7,0,0,5,0,1,6,0.67,2,6,1.33,2,5,1.6,3,6,2,1,6,0.67,2,5,1.6
Ado,Enset,1,1,14,0,7,0,0,7,0,0,7,0,0,8,0,1,10,0.4,1,12,0.33,1,7,0.57,1,6,0.67,2,6,1.33,3,6,2
Ado,Enset,2,1,14,0,6,0,1,6,0.67,1,6,0.67,0,8,0,2,10,0.8,3,10,1.2,1,6,0.67,2,6,1.33,1,6,0.67,1,5,0.8
Ado,Enset,3,1,14,0,6,0,1,6,0.67,1,6,0.67,1,7,0.57,1,8,0.5,3,9,1.33,2,9,0.89,2,9,0.89,2,9,0.89,3,9,1.33
Ado,Enset,4,1,14,1,7,0.57,2,7,1.14,2,7,1.14,2,8,1,3,8,1.5,3,8,1.5,3,9,1.33,4,9,1.78,4,9,1.78,5,9,2.22
Ado,Enset,5,1,14,0,7,0,1,7,0.57,1,7,0.57,1,6,0.67,2,5,1.6,3,6,2,5,6,3.33,6,6,4,3,5,2.4,4,5,3.2
Ado,Enset,6,1,14,0,6,0,0,6,0,0,6,0,0,6,0,0,6,0,0,6,0,0,6,0,0,6,0,0,6,0,0,6,0
Ado,Enset,7,1,14,0,6,0,0,6,0,0,6,0,0,5,0,0,4,0,0,4,0,0,5,0,2,6,1.33,1,5,0.8,2,5,1.6
Ado,Enset,8,1,14,0,7,0,0,7,0,0,7,0,0,5,0,0,5,0,0,5,0,2,5,1.6,3,7,1.71,1,6,0.67,1,5,0.8
Ado,Enset,9,1,14,0,6,0,0,6,0,0,6,0,1,6,0.67,1,6,0.67,1,8,0.5,2,10,0.8,2,11,0.73,2,11,0.73,2,13,0.62
Ado,Enset,10,1,14,0,7,0,0,7,0,0,7,0,1,7,0.57,1,7,0.57,1,9,0.44,2,11,0.73,2,12,0.67,2,12,0.67,3,14,0.86
Bededet,Enset,1,1,15,0,6,0,0,6,0,0,6,0,1,7,0.57,3,10,1.2,2,11,0.73,3,13,0.92,5,13,1.54,4,11,1.45,6,8,3
Bededet,Enset,2,1,15,0,6,0,0,6,0,0,6,0,1,6,0.67,1,5,0.8,2,6,1.33,3,9,1.33,4,8,2,1,8,0.5,2,7,1.14
Bededet,Enset,3,1,15,0,8,0,0,8,0,0,8,0,0,10,0,2,10,0.8,2,11,0.73,2,12,0.67,3,13,0.92,4,15,1.07,3,15,0.8
Bededet,Enset,4,1,15,0,6,0,0,6,0,0,6,0,0,7,0,3,6,2,3,7,1.71,4,8,2,4,10,1.6,3,10,1.2,5,10,2
Bededet,Enset,5,1,15,0,6,0,0,6,0,0,6,0,1,6,0.67,2,6,1.33,1,7,0.57,1,9,0.44,1,11,0.36,0,7,0,2,6,1.33
Bededet,Enset,6,1,15,0,6,0,0,6,0,0,6,0,0,6,0,1,7,0.57,0,10,0,0,11,0,0,13,0,0,13,0,2,14,0.57
Bededet,Enset,7,1,15,0,7,0,0,7,0,0,7,0,1,6,0.67,3,6,2,2,8,1,2,11,0.73,3,12,1,1,11,0.36,2,12,0.67
Bededet,Enset,8,1,15,0,8,0,0,8,0,1,8,0.5,0,7,0,3,7,1.71,3,7,1.71,3,9,1.33,1,10,0.4,1,11,0.36,1,11,0.36
Bededet,Enset,9,1,15,0,7,0,0,7,0,0,7,0,0,7,0,4,7,2.29,5,7,2.86,5,7,2.86,4,8,2,4,7,2.29,4,5,3.2
Bededet,Enset,10,1,15,0,7,0,0,7,0,0,7,0,0,7,0,0,7,0,0,7,0,0,9,0,2,10,0.8,1,8,0.5,1,6,0.67
Genticha,Enset,1,1,16,0,5,0,0,5,0,0,5,0,0,5,0,0,6,0,1,7,0.57,2,8,1,4,7,2.29,3,6,2,4,5,3.2
Genticha,Enset,2,1,16,1,7,0.57,1,7,0.57,1,7,0.57,1,6,0.67,4,6,2.67,5,6,3.33,6,6,4,7,7,4,6,6,4,6,6,4
Genticha,Enset,3,1,16,1,7,0.57,1,7,0.57,1,7,0.57,2,8,1,3,8,1.5,3,9,1.33,4,9,1.78,4,10,1.6,4,10,1.6,6,9,2.67
Genticha,Enset,4,1,16,2,8,1,1,8,0.5,2,8,1,2,8,1,5,9,2.22,3,7,1.71,5,10,2,6,11,2.18,7,9,3.11,10,10,4
Genticha,Enset,5,1,16,0,8,0,2,7,1.14,3,8,1.5,3,6,2,4,6,2.67,6,6,4,4,8,2,8,8,4,7,7,4,7,7,4
Genticha,Enset,6,1,16,2,6,1.33,2,6,1.33,3,6,2,3,7,1.71,5,6,3.33,6,6,4,6,6,4,6,6,4,3,6,2,5,7,2.86
Genticha,Enset,7,1,16,0,7,0,0,7,0,0,7,0,0,6,0,0,6,0,0,6,0,0,6,0,0,5,0,1,6,0.67,1,6,0.67
Genticha,Enset,8,1,16,0,6,0,0,6,0,0,6,0,0,6,0,2,8,1,4,8,2,7,7,4,15,15,4,5,5,4,5,6,3.33
Genticha,Enset,9,1,16,0,7,0,0,7,0,0,7,0,4,8,2,5,8,2.5,5,8,2.5,6,7,3.43,4,6,2.67,5,6,3.33,5,6,3.33
Genticha,Enset,10,1,16,0,7,0,3,7,1.71,4,7,2.29,4,8,2,4,9,1.78,5,9,2.22,6,10,2.4,6,11,2.18,6,11,2.18,7,12,2.33
Ginbuwe,Enset,1,1,17,0,6,0,1,6,0.67,1,6,0.67,4,7,2.29,4,8,2,4,9,1.78,3,11,1.09,4,10,1.6,4,10,1.6,4,8,2
Ginbuwe,Enset,2,1,17,0,9,0,1,9,0.44,1,9,0.44,3,9,1.33,5,10,2,5,10,2,5,14,1.43,7,15,1.87,6,16,1.5,3,15,0.8
Ginbuwe,Enset,3,1,17,0,7,0,2,7,1.14,2,7,1.14,1,4,1,2,4,2,4,6,2.67,4,6,2.67,3,5,2.4,2,6,1.33,1,5,0.8
Ginbuwe,Enset,4,1,17,1,6,0.67,1,6,0.67,1,6,0.67,3,6,2,4,6,2.67,6,7,3.43,8,8,4,5,7,2.86,3,7,1.71,2,6,1.33
Ginbuwe,Enset,5,1,17,1,6,0.67,2,6,1.33,2,6,1.33,3,6,2,5,6,3.33,4,7,2.29,6,7,3.43,4,7,2.29,3,8,1.5,4,7,2.29
Ginbuwe,Enset,6,1,17,1,6,0.67,2,6,1.33,2,6,1.33,2,7,1.14,4,5,3.2,4,6,2.67,4,5,3.2,4,6,2.67,2,6,1.33,4,5,3.2
Ginbuwe,Enset,7,1,17,0,7,0,3,8,1.5,4,8,2,4,8,2,4,9,1.78,5,9,2.22,6,9,2.67,6,10,2.4,6,11,2.18,7,12,2.33
Ginbuwe,Enset,8,1,17,0,8,0,2,7,1.14,3,8,1.5,3,6,2,4,7,2.29,6,7,3.43,7,8,3.5,8,8,4,7,7,4,7,7,4
Ginbuwe,Enset,9,1,17,0,7,0,3,7,1.71,4,7,2.29,3,8,1.5,4,9,1.78,5,9,2.22,6,10,2.4,6,11,2.18,6,12,2,7,12,2.33
Ginbuwe,Enset,10,1,17,1,6,0.67,2,6,1.33,2,6,1.33,3,6,2,5,6,3.33,4,7,2.29,6,7,3.43,4,7,2.29,3,8,1.5,4,7,2.29
Arkiya,Enset,1,1,18,5,6,3.33,6,6,4,4,6,2.67,4,7,2.29,5,6,3.33,8,8,4,9,9,4,10,10,4,8,8,4,9,9,4
Arkiya,Enset,2,1,18,0,7,0,0,7,0,2,7,1.14,2,6,1.33,6,6,4,6,7,3.43,6,7,3.43,7,8,3.5,6,8,3,4,6,2.67
Arkiya,Enset,3,1,18,0,8,0,0,8,0,2,8,1,2,6,1.33,8,9,3.56,9,9,4,11,11,4,13,13,4,9,9,4,10,10,4
Arkiya,Enset,4,1,18,5,6,3.33,5,6,3.33,6,6,4,6,6,4,6,6,4,6,6,4,6,6,4,6,6,4,6,6,4,6,6,4
Arkiya,Enset,5,1,18,0,7,0,2,7,1.14,3,8,1.5,4,8,2,5,8,2.5,5,8,2.5,6,9,2.67,8,10,3.2,9,11,3.27,9,11,3.27
Arkiya,Enset,6,1,18,1,8,0.5,4,8,2,5,9,2.22,6,10,2.4,7,10,2.8,8,11,2.91,9,12,3,10,12,3.33,10,13,3.08,12,13,3.69
Arkiya,Enset,7,1,18,5,6,3.33,5,6,3.33,5,6,3.33,6,6,4,6,6,4,6,6,4,6,6,4,6,6,4,6,6,4,6,6,4
Arkiya,Enset,8,1,18,2,7,1.14,4,8,2,6,8,3,7,9,3.11,8,9,3.56,8,9,3.56,8,9,3.56,9,9,4,9,9,4,9,9,4
Arkiya,Enset,9,1,18,3,8,1.5,4,9,1.78,5,9,2.22,6,10,2.4,6,10,2.4,8,10,3.2,9,11,3.27,10,11,3.64,11,11,4,11,11,4
Arkiya,Enset,10,1,18,3,7,1.71,5,8,2.5,6,8,3,6,8,3,7,9,3.11,8,9,3.56,8,9,3.56,8,9,3.56,8,9,3.56,9,9,4
Bota Arkiya,Enset,1,1,19,2,7,1.14,3,8,1.5,4,9,1.78,4,9,1.78,5,9,2.22,6,9,2.67,7,11,2.55,7,12,2.33,8,13,2.46,7,13,2.15
Bota Arkiya,Enset,2,1,19,0,7,0,2,7,1.14,4,8,2,5,8,2.5,3,10,1.2,3,10,1.2,4,11,1.45,6,10,2.4,8,11,2.91,11,11,4
Bota Arkiya,Enset,3,1,19,2,9,0.89,3,9,1.33,3,10,1.2,3,11,1.09,4,11,1.45,4,11,1.45,6,11,2.18,5,11,1.82,6,12,2,7,13,2.15
Bota Arkiya,Enset,4,1,19,0,8,0,3,9,1.33,3,9,1.33,5,10,2,4,11,1.45,4,11,1.45,5,11,1.82,6,12,2,8,13,2.46,10,13,3.08
Bota Arkiya,Enset,5,1,19,2,8,1,2,9,0.89,4,10,1.6,3,10,1.2,4,10,1.6,4,10,1.6,5,10,2,6,11,2.18,7,12,2.33,7,12,2.33
Bota Arkiya,Enset,6,1,19,0,7,0,2,9,0.89,4,9,1.78,3,10,1.2,4,10,1.6,4,10,1.6,6,10,2.4,6,11,2.18,6,12,2,7,13,2.15
Bota Arkiya,Enset,7,1,19,1,6,0.67,3,8,1.5,3,9,1.33,5,9,2.22,4,9,1.78,5,9,2.22,5,9,2.22,5,9,2.22,7,10,2.8,7,10,2.8
Bota Arkiya,Enset,8,1,19,0,8,0,3,8,1.5,3,8,1.5,3,9,1.33,3,9,1.33,4,9,1.78,5,8,2.5,5,8,2.5,6,9,2.67,9,9,4
Bota Arkiya,Enset,9,1,19,2,9,0.89,2,10,0.8,4,11,1.45,5,11,1.82,6,11,2.18,7,11,2.55,7,12,2.33,8,12,2.67,8,12,2.67,11,12,3.67
Bota Arkiya,Enset,10,1,19,2,7,1.14,3,7,1.71,4,8,2,5,9,2.22,5,10,2,6,11,2.18,7,11,2.55,8,12,2.67,8,13,2.46,7,13,2.15
Gezewet,Enset,1,1,20,0,5,0,0,5,0,0,5,0,2,4,2,4,6,2.67,4,4,4,6,6,4,8,8,4,6,6,4,8,8,4
Gezewet,Enset,2,1,20,1,7,0.57,2,7,1.14,0,7,0,0,9,0,1,7,0.57,2,10,0.8,4,11,1.45,4,12,1.33,3,13,0.92,2,14,0.57
Gezewet,Enset,3,1,20,1,6,0.67,1,6,0.67,2,6,1.33,0,5,0,3,6,2,2,6,1.33,4,6,2.67,6,6,4,3,5,2.4,5,6,3.33
Gezewet,Enset,4,1,20,0,7,0,0,7,0,1,7,0.57,0,7,0,1,6,0.67,3,9,1.33,3,9,1.33,2,10,0.8,2,11,0.73,3,10,1.2
Gezewet,Enset,5,1,20,0,5,0,0,5,0,0,5,0,2,5,1.6,0,8,0,1,9,0.44,2,10,0.8,1,12,0.33,1,10,0.4,4,6,2.67
Gezewet,Enset,6,1,20,1,7,0.57,0,7,0,0,7,0,0,6,0,0,7,0,0,8,0,1,10,0.4,2,10,0.8,1,10,0.4,4,8,2
Gezewet,Enset,7,1,20,0,7,0,0,7,0,0,7,0,0,7,0,0,5,0,2,5,1.6,1,5,0.8,2,6,1.33,0,7,0,1,3,1.33
Gezewet,Enset,8,1,20,0,8,0,0,8,0,0,8,0,0,7,0,0,5,0,1,10,0.4,1,11,0.36,3,11,1.09,3,10,1.2,3,7,1.71
Gezewet,Enset,9,1,20,0,8,0,0,8,0,1,8,0.5,0,8,0,1,7,0.57,2,8,1,3,9,1.33,3,9,1.33,3,11,1.09,3,10,1.2
Gezewet,Enset,10,1,20,0,5,0,0,6,0,0,6,0,2,6,1.33,4,6,2.67,5,6,3.33,6,6,4,8,8,4,6,6,4,8,8,4
Dirbo,Enset,1,2,4,0,5,0,0,5,0,0,5,0,1,5,0.8,0,4,0,0,5,0,0,5,0,0,5,0,0,5,0,0,4,0
Dirbo,Enset,2,2,4,0,7,0,1,7,0.57,2,7,1.14,1,6,0.67,3,8,1.5,2,7,1.14,3,6,2,3,7,1.71,1,7,0.57,2,6,1.33
Dirbo,Enset,3,2,4,0,7,0,0,6,0,0,6,0,3,6,2,4,6,2.67,5,7,2.86,5,7,2.86,5,7,2.86,3,7,1.71,4,6,2.67
Dirbo,Enset,4,2,4,0,6,0,0,7,0,2,7,1.14,1,8,0.5,5,7,2.86,5,8,2.5,5,7,2.86,5,6,3.33,3,6,2,3,6,2
Dirbo,Enset,5,2,4,0,7,0,0,7,0,2,7,1.14,3,8,1.5,6,8,3,7,9,3.11,7,12,2.33,6,11,2.18,6,12,2,5,11,1.82
Dirbo,Enset,6,2,4,0,7,0,0,7,0,0,7,0,2,7,1.14,4,7,2.29,4,8,2,4,9,1.78,4,20,0.8,4,11,1.45,3,9,1.33
Dirbo,Enset,7,2,4,0,7,0,0,7,0,0,7,0,1,7,0.57,3,9,1.33,5,10,2,5,11,1.82,5,12,1.67,2,11,0.73,1,12,0.33
Dirbo,Enset,8,2,4,0,7,0,0,6,0,0,6,0,0,7,0,2,7,1.14,3,9,1.33,3,10,1.2,3,10,1.2,4,9,1.78,1,7,0.57
Dirbo,Enset,9,2,4,0,6,0,0,8,0,1,8,0.5,3,6,2,5,6,3.33,7,7,4,11,11,4,5,5,4,3,4,3,4,4,4
Dirbo,Enset,10,2,4,0,8,0,0,8,0,0,9,0,0,9,0,0,9,0,0,9,0,0,9,0,0,10,0,0,10,0,0,10,0
Gezewet,Enset,1,2,20,0,7,0,0,7,0,0,7,0,0,8,0,0,8,0,0,9,0,0,10,0,0,10,0,0,10,0,0,11,0
Gezewet,Enset,2,2,20,0,6,0,0,6,0,0,6,0,0,7,0,4,8,2,4,8,2,5,6,3.33,6,7,3.43,6,7,3.43,5,5,4
Gezewet,Enset,3,2,20,0,6,0,0,7,0,0,7,0,0,6,0,3,6,2,3,6,2,4,6,2.67,4,7,2.29,2,5,1.6,6,6,4
Gezewet,Enset,4,2,20,0,7,0,0,6,0,0,6,0,4,5,3.2,3,7,1.71,3,6,2,3,9,1.33,5,11,1.82,3,11,1.09,1,10,0.4
Gezewet,Enset,5,2,20,0,6,0,0,7,0,0,7,0,0,6,0,0,8,0,0,8,0,0,8,0,0,8,0,0,9,0,0,10,0
Gezewet,Enset,6,2,20,0,7,0,0,7,0,0,7,0,1,6,0.67,2,7,1.14,3,6,2,3,8,1.5,2,8,1,1,8,0.5,2,7,1.14
Gezewet,Enset,7,2,20,0,7,0,0,7,0,0,7,0,1,5,0.8,1,9,0.44,3,5,2.4,5,5,4,5,6,3.33,2,7,1.14,2,8,1
Gezewet,Enset,8,2,20,0,7,0,0,6,0,0,6,0,0,5,0,1,7,0.57,2,6,1.33,2,7,1.14,3,8,1.5,2,8,1,2,4,2
Gezewet,Enset,9,2,20,0,6,0,1,8,0.5,1,8,0.5,0,8,0,6,6,4,6,6,4,5,7,2.86,4,9,1.78,2,9,0.89,2,9,0.89
Gezewet,Enset,10,2,20,0,8,0,0,6,0,0,7,0,0,8,0,3,8,1.5,5,8,2.5,5,7,2.86,4,7,2.29,2,7,1.14,0,6,0
Gefetano,Enset,1,2,7,0,9,0,0,8,0,0,6,0,2,5,1.6,3,6,2,5,5,4,6,6,4,4,4,4,4,4,4,4,4,4
Gefetano,Enset,2,2,7,0,6,0,0,5,0,0,8,0,1,7,0.57,1,9,0.44,2,10,0.8,3,8,1.5,4,8,2,3,7,1.71,4,6,2.67
Gefetano,Enset,3,2,7,0,8,0,1,5,0.8,1,5,0.8,1,5,0.8,2,6,1.33,4,6,2.67,4,4,4,1,5,0.8,0,6,0,2,5,1.6
Gefetano,Enset,4,2,7,0,5,0,0,6,0,0,5,0,0,5,0,3,6,2,6,7,3.43,6,6,4,2,4,2,1,4,1,2,4,2
Gefetano,Enset,5,2,7,0,5,0,1,6,0.67,1,6,0.67,1,7,0.57,2,6,1.33,2,5,1.6,3,5,2.4,2,3,2.67,0,3,0,5,8,2.5
Gefetano,Enset,6,2,7,0,6,0,0,5,0,0,6,0,1,5,0.8,1,5,0.8,4,4,4,5,5,4,2,3,2.67,2,4,2,2,4,2
Gefetano,Enset,7,2,7,0,6,0,0,5,0,0,5,0,0,4,0,3,5,2.4,4,4,4,7,8,3.5,2,3,2.67,2,3,2.67,1,3,1.33
Gefetano,Enset,8,2,7,0,5,0,1,7,0.57,0,5,0,1,5,0.8,3,6,2,4,5,3.2,6,6,4,2,3,2.67,3,4,3,5,5,4
Gefetano,Enset,9,2,7,0,5,0,1,6,0.67,1,7,0.57,1,6,0.67,4,6,2.67,6,6,4,5,6,3.33,4,5,3.2,4,5,3.2,4,4,4
Gefetano,Enset,10,2,7,0,7,0,0,5,0,0,6,0,1,5,0.8,1,4,1,3,4,3,3,6,2,2,5,1.6,1,5,0.8,3,4,3
Godere  ,Enset,1,2,8,0,6,0,1,6,0.67,3,5,2.4,3,5,2.4,5,6,3.33,6,6,4,8,8,4,6,7,3.43,3,7,1.71,5,6,3.33
Godere  ,Enset,2,2,8,0,5,0,1,6,0.67,4,6,2.67,4,6,2.67,6,6,4,6,6,4,7,8,3.5,6,9,2.67,5,10,2,5,9,2.22
Godere  ,Enset,3,2,8,0,6,0,0,7,0,2,6,1.33,2,5,1.6,4,5,3.2,6,6,4,5,8,2.5,5,8,2.5,5,7,2.86,8,8,4
Godere  ,Enset,4,2,8,0,6,0,1,6,0.67,0,7,0,2,6,1.33,5,8,2.5,5,8,2.5,6,8,3,9,9,4,6,7,3.43,8,8,4
Godere  ,Enset,5,2,8,0,7,0,1,6,0.67,0,6,0,0,7,0,3,9,1.33,7,8,3.5,7,11,2.55,6,11,2.18,5,12,1.67,10,10,4
Godere  ,Enset,6,2,8,0,6,0,1,7,0.57,1,6,0.67,1,5,0.8,3,5,2.4,5,11,1.82,6,6,4,5,5,4,2,3,2.67,3,4,3
Godere  ,Enset,7,2,8,0,6,0,1,6,0.67,0,7,0,1,5,0.8,3,6,2,4,5,3.2,6,6,4,4,7,2.29,3,6,2,5,7,2.86
Godere  ,Enset,8,2,8,0,7,0,1,6,0.67,2,6,1.33,3,6,2,4,6,2.67,5,6,3.33,7,7,4,8,8,4,5,5,4,7,7,4
Godere  ,Enset,9,2,8,0,6,0,0,7,0,1,6,0.67,1,5,0.8,3,6,2,5,5,4,7,7,4,6,6,4,4,6,2.67,6,6,4
Godere  ,Enset,10,2,8,0,6,0,0,7,0,1,7,0.57,3,5,2.4,3,7,1.71,7,7,4,9,9,4,7,7,4,4,5,3.2,6,6,4
Unjame,Enset,1,2,3,2,6,1.33,3,6,2,1,6,0.67,3,4,3,4,5,3.2,6,6,4,6,6,4,5,5,4,4,5,3.2,4,5,3.2
Unjame,Enset,2,2,3,1,6,0.67,2,6,1.33,1,6,0.67,2,6,1.33,5,7,2.86,6,7,3.43,5,5,4,6,6,4,4,5,3.2,5,5,4
Unjame,Enset,3,2,3,2,7,1.14,3,7,1.71,1,7,0.57,3,5,2.4,5,8,2.5,8,9,3.56,4,8,2,6,8,3,4,8,2,5,7,2.86
Unjame,Enset,4,2,3,0,6,0,0,6,0,0,6,0,1,3,1.33,0,4,0,0,4,0,3,8,1.5,2,7,1.14,1,6,0.67,3,5,2.4
Unjame,Enset,5,2,3,1,7,0.57,1,7,0.57,0,7,0,3,6,2,4,6,2.67,6,7,3.43,5,6,3.33,7,7,4,4,6,2.67,5,6,3.33
Unjame,Enset,6,2,3,2,6,1.33,2,6,1.33,1,6,0.67,3,5,2.4,4,5,3.2,7,7,4,6,6,4,5,8,2.5,5,8,2.5,5,8,2.5
Unjame,Enset,7,2,3,0,6,0,0,6,0,2,6,1.33,2,5,1.6,4,6,2.67,5,6,3.33,4,7,2.29,5,6,3.33,4,6,2.67,3,7,1.71
Unjame,Enset,8,2,3,0,6,0,0,6,0,2,6,1.33,2,5,1.6,3,5,2.4,4,6,2.67,4,7,2.29,4,9,1.78,3,8,1.5,1,9,0.44
Unjame,Enset,9,2,3,0,5,0,0,5,0,2,5,1.6,3,5,2.4,3,6,2,5,6,3.33,4,8,2,6,8,3,4,6,2.67,3,7,1.71
Unjame,Enset,10,2,3,0,6,0,0,6,0,0,6,0,2,6,1.33,4,7,2.29,6,8,3,6,6,4,7,7,4,6,9,2.67,4,8,2
Nechuwe,Enset,1,2,2,0,6,0,1,6,0.67,1,6,0.67,3,5,2.4,3,6,2,5,6,3.33,5,5,4,7,7,4,5,5,4,5,5,4
Nechuwe,Enset,2,2,2,0,6,0,1,6,0.67,1,6,0.67,2,4,2,3,5,2.4,5,6,3.33,5,5,4,6,6,4,3,4,3,4,4,4
Nechuwe,Enset,3,2,2,0,6,0,1,6,0.67,1,6,0.67,3,5,2.4,3,6,2,4,6,2.67,5,6,3.33,5,5,4,3,3,4,3,4,3
Nechuwe,Enset,4,2,2,0,4,0,1,4,1,1,4,1,2,4,2,2,4,2,3,5,2.4,3,4,3,4,4,4,3,4,3,4,4,4
Nechuwe,Enset,5,2,2,3,6,2,4,6,2.67,1,6,0.67,3,5,2.4,4,6,2.67,7,7,4,6,6,4,7,7,4,6,6,4,10,10,4
Nechuwe,Enset,6,2,2,0,6,0,0,6,0,3,6,2,3,5,2.4,3,5,2.4,5,6,3.33,5,6,3.33,6,6,4,6,6,4,5,5,4
Nechuwe,Enset,7,2,2,0,6,0,0,6,0,3,6,2,3,4,3,3,5,2.4,6,7,3.43,5,5,4,4,4,4,2,5,1.6,3,4,3
Nechuwe,Enset,8,2,2,0,7,0,1,7,0.57,1,8,0.5,3,8,1.5,3,8,1.5,4,8,2,5,8,2.5,6,7,3.43,5,5,4,5,5,4
Nechuwe,Enset,9,2,2,0,5,0,1,6,0.67,1,6,0.67,2,6,1.33,4,6,2.67,5,7,2.86,3,4,3,4,4,4,3,4,3,4,4,4
Nechuwe,Enset,10,2,2,0,6,0,0,6,0,3,6,2,3,4,3,3,5,2.4,6,7,3.43,4,5,3.2,4,4,4,4,5,3.2,3,4,3
Yesha,Enset,1,2,9,0,6,0,0,6,0,2,6,1.33,3,3,4,3,3,4,1,4,1,2,4,2,4,4,4,2,3,2.67,4,4,4
Yesha,Enset,2,2,9,1,6,0.67,2,6,1.33,2,6,1.33,2,5,1.6,2,5,1.6,3,5,2.4,4,6,2.67,4,5,3.2,3,6,2,5,5,4
Yesha,Enset,3,2,9,1,6,0.67,2,6,1.33,2,6,1.33,2,6,1.33,3,7,1.71,4,8,2,5,9,2.22,6,9,2.67,7,10,2.8,7,7,4
Yesha,Enset,4,2,9,1,5,0.8,2,5,1.6,3,5,2.4,2,5,1.6,4,6,2.67,7,7,4,8,8,4,9,9,4,6,6,4,5,5,4
Yesha,Enset,5,2,9,2,6,1.33,3,6,2,0,6,0,2,5,1.6,1,6,0.67,5,6,3.33,7,7,4,8,8,4,4,8,2,4,7,2.29
Yesha,Enset,6,2,9,0,6,0,0,6,0,0,6,0,0,6,0,0,6,0,0,6,0,0,6,0,0,6,0,0,6,0,0,6,0
Yesha,Enset,7,2,9,0,5,0,0,5,0,3,5,2.4,1,5,0.8,4,5,3.2,7,8,3.5,7,8,3.5,7,7,4,7,7,4,7,7,4
Yesha,Enset,8,2,9,2,5,1.6,3,5,2.4,3,5,2.4,3,5,2.4,3,6,2,4,6,2.67,6,6,4,7,7,4,5,6,3.33,4,6,2.67
Yesha,Enset,9,2,9,0,5,0,0,5,0,0,5,0,2,4,2,1,5,0.8,1,3,1.33,1,3,1.33,2,5,1.6,2,5,1.6,2,4,2
Yesha,Enset,10,2,9,0,6,0,0,6,0,0,6,0,1,7,0.57,1,7,0.57,1,7,0.57,2,7,1.14,2,7,1.14,3,7,1.71,3,7,1.71
Lemat,Enset,1,2,1,0,6,0,1,7,0.57,1,7,0.57,0,5,0,0,6,0,0,7,0,0,10,0,2,10,0.8,0,9,0,0,6,0
Lemat,Enset,2,2,1,0,6,0,1,6,0.67,0,6,0,0,4,0,0,5,0,0,6,0,0,4,0,0,5,0,2,6,1.33,2,5,1.6
Lemat,Enset,3,2,1,0,5,0,1,5,0.8,0,5,0,4,5,3.2,0,4,0,0,5,0,0,5,0,1,5,0.8,1,5,0.8,1,5,0.8
Lemat,Enset,4,2,1,1,5,0.8,2,7,1.14,0,7,0,3,4,3,4,5,3.2,2,6,1.33,2,5,1.6,1,5,0.8,1,5,0.8,1,5,0.8
Lemat,Enset,5,2,1,0,4,0,0,4,0,1,4,1,1,6,0.67,4,6,2.67,5,6,3.33,5,8,2.5,4,9,1.78,2,10,0.8,2,11,0.73
Lemat,Enset,6,2,1,0,5,0,0,6,0,1,6,0.67,3,6,2,2,7,1.14,3,5,2.4,4,6,2.67,4,7,2.29,3,5,2.4,3,5,2.4
Lemat,Enset,7,2,1,0,6,0,0,6,0,0,6,0,2,3,2.67,3,3,4,3,3,4,3,5,2.4,3,5,2.4,3,5,2.4,2,4,2
Lemat,Enset,8,2,1,0,6,0,0,7,0,1,7,0.57,1,4,1,2,5,1.6,2,6,1.33,2,5,1.6,2,6,1.33,2,6,1.33,1,4,1
Lemat,Enset,9,2,1,0,5,0,0,6,0,2,7,1.14,3,7,1.71,2,7,1.14,3,8,1.5,4,9,1.78,4,10,1.6,3,10,1.2,3,5,2.4
Lemat,Enset,10,2,1,0,5,0,0,6,0,1,6,0.67,3,6,2,2,7,1.14,3,5,2.4,4,6,2.67,4,7,2.29,3,5,2.4,3,5,2.4
Ado,Enset,1,2,14,0,5,0,1,5,0.8,1,5,0.8,1,5,0.8,2,5,1.6,4,5,3.2,4,5,3.2,6,6,4,3,5,2.4,3,4,3
Ado,Enset,2,2,14,0,4,0,1,5,0.8,1,5,0.8,1,6,0.67,3,6,2,4,5,3.2,6,6,4,8,8,4,6,6,4,6,6,4
Ado,Enset,3,2,14,0,6,0,1,6,0.67,1,6,0.67,3,6,2,1,5,0.8,3,3,4,5,6,3.33,7,7,4,5,6,3.33,8,8,4
Ado,Enset,4,2,14,0,6,0,0,6,0,0,6,0,4,6,2.67,3,6,2,6,6,4,6,6,4,7,7,4,6,6,4,7,7,4
Ado,Enset,5,2,14,0,5,0,0,5,0,0,6,0,3,6,2,2,5,1.6,3,4,3,4,5,3.2,4,5,3.2,3,4,3,4,4,4
Ado,Enset,6,2,14,0,5,0,0,5,0,1,5,0.8,2,5,1.6,2,6,1.33,4,5,3.2,6,6,4,6,6,4,6,6,4,4,5,3.2
Ado,Enset,7,2,14,1,5,0.8,3,5,2.4,4,5,3.2,4,5,3.2,3,5,2.4,3,3,4,5,5,4,4,4,4,3,4,3,4,4,4
Ado,Enset,8,2,14,0,6,0,1,6,0.67,1,6,0.67,3,6,2,1,5,0.8,3,3,4,5,6,3.33,7,7,4,5,6,3.33,8,8,4
Ado,Enset,9,2,14,1,7,0.57,2,7,1.14,2,7,1.14,2,8,1,3,8,1.5,3,8,1.5,3,9,1.33,4,9,1.78,4,9,1.78,5,9,2.22
Ado,Enset,10,2,14,1,7,0.57,1,7,0.57,2,7,1.14,2,6,1.33,3,5,2.4,3,6,2,5,6,3.33,6,6,4,4,5,3.2,5,5,4
Mazia,Enset,1,2,11,0,6,0,0,6,0,0,6,0,0,2,0,1,4,1,2,3,2.67,2,5,1.6,4,11,1.45,2,5,1.6,2,3,2.67
Mazia,Enset,2,2,11,0,6,0,0,6,0,1,6,0.67,1,7,0.57,1,8,0.5,1,9,0.44,1,11,0.36,1,6,0.67,0,8,0,0,7,0
Mazia,Enset,3,2,11,0,5,0,0,5,0,1,5,0.8,1,6,0.67,1,5,0.8,2,6,1.33,4,6,2.67,3,6,2,2,6,1.33,3,5,2.4
Mazia,Enset,4,2,11,0,6,0,0,6,0,1,6,0.67,1,5,0.8,1,5,0.8,2,6,1.33,4,7,2.29,4,6,2.67,3,6,2,4,6,2.67
Mazia,Enset,5,2,11,0,5,0,0,5,0,0,5,0,0,6,0,0,5,0,2,4,2,1,5,0.8,2,5,1.6,2,6,1.33,3,6,2
Mazia,Enset,6,2,11,0,6,0,0,6,0,0,6,0,0,6,0,1,6,0.67,2,5,1.6,3,5,2.4,4,6,2.67,3,5,2.4,4,5,3.2
Mazia,Enset,7,2,11,0,6,0,0,6,0,0,6,0,1,6,0.67,0,6,0,0,6,0,2,8,1,3,8,1.5,2,7,1.14,3,6,2
Mazia,Enset,8,2,11,0,3,0,0,3,0,0,3,0,0,5,0,0,5,0,0,5,0,0,5,0,0,5,0,0,6,0,1,7,0.57
Mazia,Enset,9,2,11,0,4,0,0,5,0,0,5,0,1,5,0.8,0,3,0,0,3,0,1,5,0.8,3,6,2,1,5,0.8,2,5,1.6
Mazia,Enset,10,2,11,0,4,0,0,4,0,0,4,0,0,3,0,0,3,0,1,2,2,2,4,2,2,4,2,3,4,3,4,4,4
Arkiya,Enset,1,2,18,1,6,0.67,3,6,2,3,6,2,3,7,1.71,3,9,1.33,3,9,1.33,4,5,3.2,5,5,4,1,5,0.8,2,5,1.6
Arkiya,Enset,2,2,18,3,7,1.71,3,7,1.71,2,7,1.14,3,6,2,3,5,2.4,3,5,2.4,3,5,2.4,5,6,3.33,1,4,1,2,4,2
Arkiya,Enset,3,2,18,1,6,0.67,3,6,2,3,6,2,3,7,1.71,3,9,1.33,3,9,1.33,4,5,3.2,5,5,4,1,5,0.8,2,5,1.6
Arkiya,Enset,4,2,18,3,6,2,4,8,2,5,8,2.5,5,9,2.22,6,9,2.67,6,9,2.67,7,10,2.8,8,10,3.2,8,9,3.56,9,9,4
Arkiya,Enset,5,2,18,2,6,1.33,3,6,2,3,7,1.71,4,7,2.29,4,8,2,4,9,1.78,5,9,2.22,6,9,2.67,6,9,2.67,7,9,3.11
Arkiya,Enset,6,2,18,3,7,1.71,3,8,1.5,2,7,1.14,4,8,2,4,9,1.78,5,9,2.22,6,9,2.67,7,9,3.11,8,9,3.56,8,8,4
Arkiya,Enset,7,2,18,1,6,0.67,3,6,2,4,6,2.67,4,7,2.29,5,9,2.22,6,9,2.67,5,8,2.5,5,9,2.22,6,9,2.67,7,9,3.11
Arkiya,Enset,8,2,18,3,7,1.71,3,7,1.71,3,7,1.71,4,7,2.29,5,8,2.5,6,8,3,7,8,3.5,8,9,3.56,8,8,4,8,8,4
Arkiya,Enset,9,2,18,4,6,2.67,4,6,2.67,5,6,3.33,5,7,2.86,6,8,3,7,8,3.5,8,8,4,8,8,4,7,7,4,7,7,4
Arkiya,Enset,10,2,18,2,7,1.14,4,7,2.29,3,7,1.71,4,8,2,4,9,1.78,5,9,2.22,5,10,2,6,11,2.18,7,11,2.55,8,10,3.2
Bededet,Enset,1,2,15,0,7,0,1,7,0.57,1,7,0.57,2,5,1.6,4,6,2.67,5,5,4,8,8,4,5,5,4,4,4,4,5,5,4
Bededet,Enset,2,2,15,0,7,0,0,7,0,0,7,0,2,5,1.6,3,6,2,5,5,4,6,6,4,5,5,4,4,5,3.2,4,4,4
Bededet,Enset,3,2,15,0,7,0,0,7,0,0,7,0,2,5,1.6,2,5,1.6,4,4,4,4,5,3.2,6,6,4,3,4,3,5,5,4
Bededet,Enset,4,2,15,0,7,0,1,7,0.57,0,7,0,1,5,0.8,2,6,1.33,4,5,3.2,6,6,4,3,5,2.4,2,5,1.6,2,5,1.6
Bededet,Enset,5,2,15,0,6,0,0,6,0,0,6,0,1,5,0.8,2,6,1.33,3,5,2.4,4,6,2.67,4,6,2.67,3,6,2,2,4,2
Bededet,Enset,6,2,15,0,7,0,0,7,0,0,7,0,0,5,0,2,5,1.6,4,4,4,4,6,2.67,5,7,2.86,4,6,2.67,2,5,1.6
Bededet,Enset,7,2,15,0,6,0,0,6,0,0,6,0,2,6,1.33,3,6,2,4,5,3.2,5,7,2.86,4,6,2.67,2,5,1.6,2,5,1.6
Bededet,Enset,8,2,15,0,4,0,0,5,0,0,6,0,1,6,0.67,1,4,1,2,4,2,3,5,2.4,3,5,2.4,3,4,3,2,4,2
Bededet,Enset,9,2,15,0,6,0,0,7,0,0,7,0,1,7,0.57,2,6,1.33,3,7,1.71,4,7,2.29,4,7,2.29,5,7,2.86,4,8,2
Bededet,Enset,10,2,15,0,7,0,0,7,0,2,7,1.14,4,6,2.67,4,6,2.67,5,6,3.33,3,8,1.5,5,8,2.5,1,5,0.8,2,4,2
Genticha,Enset,1,2,16,0,6,0,0,6,0,1,6,0.67,1,5,0.8,1,5,0.8,2,5,1.6,2,5,1.6,2,5,1.6,2,5,1.6,4,5,3.2
Genticha,Enset,2,2,16,0,6,0,2,6,1.33,2,6,1.33,3,5,2.4,3,5,2.4,3,4,3,4,6,2.67,5,5,4,4,5,3.2,4,5,3.2
Genticha,Enset,3,2,16,0,6,0,1,6,0.67,1,6,0.67,2,5,1.6,2,5,1.6,3,6,2,4,7,2.29,5,6,3.33,5,7,2.86,3,6,2
Genticha,Enset,4,2,16,0,3,0,0,4,0,2,5,1.6,3,5,2.4,3,5,2.4,3,5,2.4,4,6,2.67,6,6,4,4,5,3.2,5,5,4
Genticha,Enset,5,2,16,0,7,0,1,7,0.57,1,7,0.57,2,6,1.33,3,6,2,4,5,3.2,4,6,2.67,5,6,3.33,4,6,2.67,3,5,2.4
Genticha,Enset,6,2,16,0,6,0,0,6,0,2,6,1.33,3,6,2,3,5,2.4,3,4,3,4,5,3.2,5,5,4,3,5,2.4,3,5,2.4
Genticha,Enset,7,2,16,0,6,0,0,6,0,0,6,0,1,5,0.8,2,5,1.6,3,4,3,3,5,2.4,4,5,3.2,2,5,1.6,1,5,0.8
Genticha,Enset,8,2,16,0,6,0,1,6,0.67,0,6,0,3,5,2.4,3,5,2.4,3,5,2.4,3,5,2.4,3,5,2.4,2,5,1.6,3,5,2.4
Genticha,Enset,9,2,16,0,5,0,1,6,0.67,1,6,0.67,2,5,1.6,3,6,2,2,5,1.6,2,5,1.6,5,6,3.33,3,5,2.4,3,5,2.4
Genticha,Enset,10,2,16,0,4,0,0,5,0,0,5,0,1,5,0.8,1,5,0.8,2,4,2,2,5,1.6,3,5,2.4,2,5,1.6,2,4,2
Ginbuwe,Enset,1,2,17,0,6,0,0,6,0,1,6,0.67,1,6,0.67,1,5,0.8,3,7,1.71,4,7,2.29,7,8,3.5,8,8,4,7,7,4
Ginbuwe,Enset,2,2,17,0,8,0,1,8,0.5,1,8,0.5,1,6,0.67,3,6,2,3,6,2,4,7,2.29,6,8,3,5,8,2.5,3,6,2
Ginbuwe,Enset,3,2,17,1,5,0.8,1,8,0.5,3,8,1.5,4,9,1.78,5,11,1.82,6,12,2,6,13,1.85,10,14,2.86,6,14,1.71,5,12,1.67
Ginbuwe,Enset,4,2,17,0,6,0,2,6,1.33,0,6,0,3,5,2.4,2,6,1.33,3,6,2,5,7,2.86,6,7,3.43,7,7,4,3,7,1.71
Ginbuwe,Enset,5,2,17,0,6,0,0,6,0,0,6,0,2,6,1.33,1,3,1.33,4,5,3.2,5,6,3.33,6,7,3.43,6,7,3.43,6,6,4
Ginbuwe,Enset,6,2,17,0,6,0,1,6,0.67,1,6,0.67,1,4,1,1,5,0.8,2,5,1.6,3,6,2,4,6,2.67,5,6,3.33,6,7,3.43
Ginbuwe,Enset,7,2,17,0,5,0,1,6,0.67,2,6,1.33,2,6,1.33,3,7,1.71,4,7,2.29,5,8,2.5,6,9,2.67,7,10,2.8,8,10,3.2
Ginbuwe,Enset,8,2,17,0,4,0,1,5,0.8,0,5,0,1,6,0.67,2,7,1.14,3,8,1.5,4,8,2,5,9,2.22,7,10,2.8,8,11,2.91
Ginbuwe,Enset,9,2,17,0,4,0,0,3,0,0,4,0,1,4,1,1,5,0.8,2,6,1.33,4,7,2.29,5,8,2.5,5,8,2.5,6,9,2.67
Ginbuwe,Enset,10,2,17,0,3,0,0,4,0,1,5,0.8,0,5,0,1,5,0.8,2,6,1.33,3,6,2,4,7,2.29,5,7,2.86,5,8,2.5
Abatemerza,Enset,1,2,12,0,6,0,1,6,0.67,3,6,2,3,5,2.4,3,6,2,4,6,2.67,5,5,4,5,5,4,4,4,4,3,3,4
Abatemerza,Enset,2,2,12,1,6,0.67,2,6,1.33,0,6,0,1,6,0.67,2,5,1.6,4,5,3.2,4,5,3.2,5,5,4,4,5,3.2,5,5,4
Abatemerza,Enset,3,2,12,0,6,0,0,6,0,0,6,0,1,5,0.8,1,5,0.8,3,5,2.4,4,5,3.2,4,5,3.2,3,5,2.4,5,5,4
Abatemerza,Enset,4,2,12,0,6,0,0,6,0,1,6,0.67,1,4,1,1,5,0.8,3,5,2.4,4,7,2.29,5,6,3.33,3,6,2,5,6,3.33
Abatemerza,Enset,5,2,12,0,5,0,0,5,0,1,5,0.8,3,5,2.4,2,4,2,4,5,3.2,5,6,3.33,7,7,4,6,6,4,9,9,4
Abatemerza,Enset,6,2,12,2,7,1.14,2,7,1.14,1,7,0.57,3,6,2,4,5,3.2,5,5,4,6,6,4,6,6,4,5,6,3.33,5,6,3.33
Abatemerza,Enset,7,2,12,3,6,2,3,6,2,2,6,1.33,2,5,1.6,3,6,2,4,5,3.2,6,6,4,5,5,4,4,5,3.2,4,5,3.2
Abatemerza,Enset,8,2,12,3,7,1.71,3,7,1.71,2,7,1.14,4,5,3.2,4,6,2.67,3,7,1.71,4,9,1.78,5,9,2.22,3,9,1.33,3,9,1.33
Abatemerza,Enset,9,2,12,0,6,0,3,7,1.71,3,7,1.71,3,7,1.71,3,6,2,5,6,3.33,6,6,4,5,5,4,4,5,3.2,4,5,3.2
Abatemerza,Enset,10,2,12,0,7,0,3,7,1.71,1,7,0.57,3,5,2.4,2,4,2,3,4,3,4,5,3.2,5,5,4,5,5,4,9,9,4
Kuro,Enset,1,2,13,0,6,0,0,6,0,0,6,0,0,3,0,2,5,1.6,2,4,2,2,4,2,3,5,2.4,2,5,1.6,1,4,1
Kuro,Enset,2,2,13,0,6,0,0,6,0,0,6,0,0,5,0,1,4,1,2,2,4,2,3,2.67,3,4,3,3,5,2.4,3,5,2.4
Kuro,Enset,3,2,13,0,8,0,0,8,0,0,8,0,0,5,0,0,5,0,1,5,0.8,3,5,2.4,1,6,0.67,1,7,0.57,1,8,0.5
Kuro,Enset,4,2,13,0,6,0,0,6,0,0,6,0,0,3,0,1,3,1.33,1,5,0.8,3,4,3,4,5,3.2,2,5,1.6,2,4,2
Kuro,Enset,5,2,13,0,5,0,0,5,0,0,5,0,0,5,0,1,4,1,1,4,1,2,7,1.14,4,6,2.67,3,6,2,6,7,3.43
Kuro,Enset,6,2,13,0,7,0,0,7,0,0,7,0,1,5,0.8,1,4,1,2,6,1.33,4,5,3.2,3,5,2.4,2,5,1.6,1,5,0.8
Kuro,Enset,7,2,13,0,6,0,0,6,0,0,6,0,0,4,0,1,5,0.8,2,5,1.6,4,6,2.67,4,7,2.29,2,6,1.33,2,6,1.33
Kuro,Enset,8,2,13,0,6,0,0,6,0,0,6,0,0,4,0,1,6,0.67,1,6,0.67,2,7,1.14,2,7,1.14,1,6,0.67,0,6,0
Kuro,Enset,9,2,13,0,6,0,0,6,0,0,6,0,0,6,0,0,7,0,1,8,0.5,2,9,0.89,2,10,0.8,3,9,1.33,5,8,2.5
Kuro,Enset,10,2,13,0,7,0,0,7,0,0,7,0,1,5,0.8,2,5,1.6,3,6,2,4,5,3.2,4,5,3.2,3,5,2.4,4,5,3.2
Hae'la,Enset,1,2,6,0,7,0,0,7,0,0,7,0,0,2,0,0,7,0,0,7,0,2,5,1.6,3,5,2.4,3,4,3,1,3,1.33
Hae'la,Enset,2,2,6,0,5,0,0,5,0,0,5,0,1,3,1.33,1,9,0.44,1,9,0.44,1,5,0.8,2,5,1.6,4,5,3.2,5,5,4
Hae'la,Enset,3,2,6,0,7,0,0,8,0,0,8,0,0,9,0,0,9,0,0,10,0,0,10,0,0,11,0,0,11,0,0,11,0
Hae'la,Enset,4,2,6,0,6,0,0,6,0,2,7,1.14,2,8,1,2,9,0.89,3,9,1.33,4,9,1.78,5,9,2.22,5,9,2.22,5,9,2.22
Hae'la,Enset,5,2,6,0,7,0,0,7,0,0,7,0,0,7,0,0,6,0,0,7,0,0,7,0,0,8,0,0,9,0,0,10,0
Hae'la,Enset,6,2,6,0,9,0,0,6,0,1,7,0.57,1,8,0.5,2,8,1,3,9,1.33,3,9,1.33,4,9,1.78,5,9,2.22,6,9,2.67
Hae'la,Enset,7,2,6,0,6,0,0,7,0,0,7,0,0,7,0,0,8,0,0,8,0,2,9,0.89,3,9,1.33,4,9,1.78,8,9,3.56
Hae'la,Enset,8,2,6,0,4,0,0,5,0,0,6,0,0,7,0,0,8,0,0,7,0,1,6,0.67,2,6,1.33,3,6,2,6,6,4
Hae'la,Enset,9,2,6,0,5,0,0,5,0,0,6,0,0,7,0,0,8,0,0,7,0,0,7,0,0,8,0,0,9,0,0,10,0
Hae'la,Enset,10,2,6,0,6,0,0,7,0,0,8,0,0,8,0,0,9,0,2,10,0.8,3,9,1.33,5,10,2,7,11,2.55,9,11,3.27
Alagena,Enset,1,2,10,0,7,0,0,7,0,1,7,0.57,0,4,0,0,7,0,2,5,1.6,3,5,2.4,1,5,0.8,2,5,1.6,3,5,2.4
Alagena,Enset,2,2,10,0,8,0,1,8,0.5,1,8,0.5,0,8,0,0,6,0,1,11,0.36,3,12,1,6,13,1.85,4,11,1.45,7,10,2.8
Alagena,Enset,3,2,10,0,5,0,1,5,0.8,1,5,0.8,0,5,0,0,6,0,2,4,2,3,5,2.4,2,6,1.33,2,5,1.6,2,5,1.6
Alagena,Enset,4,2,10,0,6,0,1,6,0.67,1,6,0.67,2,5,1.6,2,5,1.6,3,5,2.4,4,6,2.67,4,6,2.67,5,6,3.33,6,6,4
Alagena,Enset,5,2,10,1,6,0.67,1,6,0.67,1,6,0.67,0,5,0,0,5,0,3,5,2.4,7,7,4,4,6,2.67,5,6,3.33,6,7,3.43
Alagena,Enset,6,2,10,0,6,0,0,6,0,0,6,0,0,6,0,0,7,0,3,7,1.71,2,5,1.6,2,5,1.6,1,4,1,2,4,2
Alagena,Enset,7,2,10,0,6,0,0,6,0,1,6,0.67,1,6,0.67,1,7,0.57,3,7,1.71,6,7,3.43,5,7,2.86,3,6,2,3,5,2.4
Alagena,Enset,8,2,10,0,6,0,0,6,0,1,6,0.67,1,6,0.67,1,6,0.67,1,6,0.67,3,7,1.71,2,7,1.14,2,8,1,2,8,1
Alagena,Enset,9,2,10,0,5,0,1,5,0.8,1,5,0.8,0,5,0,0,5,0,0,5,0,2,7,1.14,2,7,1.14,2,7,1.14,2,6,1.33
Alagena,Enset,10,2,10,0,6,0,0,6,0,0,6,0,1,5,0.8,1,5,0.8,2,5,1.6,4,5,3.2,3,5,2.4,3,6,2,3,5,2.4
Wachiso,Enset,1,2,5,0,4,0,2,4,2,1,4,1,1,6,0.67,1,5,0.8,1,5,0.8,2,6,1.33,3,5,2.4,2,6,1.33,3,6,2
Wachiso,Enset,2,2,5,0,5,0,0,5,0,0,5,0,1,5,0.8,1,11,0.36,1,11,0.36,3,5,2.4,5,7,2.86,6,6,4,3,4,3
Wachiso,Enset,3,2,5,1,5,0.8,1,5,0.8,1,5,0.8,1,5,0.8,1,4,1,3,4,3,4,6,2.67,6,7,3.43,5,6,3.33,8,8,4
Wachiso,Enset,4,2,5,0,6,0,1,8,0.5,1,8,0.5,1,9,0.44,1,5,0.8,2,5,1.6,3,8,1.5,6,6,4,4,7,2.29,5,6,3.33
Wachiso,Enset,5,2,5,0,6,0,0,6,0,0,6,0,1,6,0.67,1,5,0.8,1,5,0.8,4,5,3.2,7,10,2.8,5,7,2.86,6,6,4
Wachiso,Enset,6,2,5,0,4,0,0,4,0,0,4,0,1,4,1,1,7,0.57,1,7,0.57,2,9,0.89,3,10,1.2,1,7,0.57,2,7,1.14
Wachiso,Enset,7,2,5,0,6,0,3,6,2,1,6,0.67,1,5,0.8,1,7,0.57,3,7,1.71,6,10,2.4,6,6,4,7,7,4,8,8,4
Wachiso,Enset,8,2,5,1,6,0.67,2,7,1.14,1,7,0.57,1,7,0.57,1,6,0.67,2,6,1.33,3,6,2,5,6,3.33,3,6,2,6,6,4
Wachiso,Enset,9,2,5,0,7,0,0,6,0,0,6,0,0,6,0,1,5,0.8,2,5,1.6,3,5,2.4,3,6,2,3,6,2,3,5,2.4
Wachiso,Enset,10,2,5,0,6,0,3,6,2,1,6,0.67,1,6,0.67,1,5,0.8,3,5,2.4,4,6,2.67,3,5,2.4,3,6,2,5,6,3.33
Bota Arkiya,Enset,1,2,19,0,8,0,0,8,0,0,8,0,2,5,1.6,3,6,2,1,5,0.8,3,5,2.4,5,5,4,3,5,2.4,1,4,1
Bota Arkiya,Enset,2,2,19,2,7,1.14,2,7,1.14,2,7,1.14,0,6,0,1,7,0.57,3,6,2,5,6,3.33,6,7,3.43,4,6,2.67,4,6,2.67
Bota Arkiya,Enset,3,2,19,0,6,0,0,6,0,0,6,0,0,4,0,0,6,0,0,6,0,1,6,0.67,1,5,0.8,1,6,0.67,0,5,0
Bota Arkiya,Enset,4,2,19,0,6,0,0,6,0,0,6,0,2,5,1.6,0,6,0,0,6,0,3,6,2,4,6,2.67,2,6,1.33,2,5,1.6
Bota Arkiya,Enset,5,2,19,1,7,0.57,2,7,1.14,2,7,1.14,1,6,0.67,0,6,0,1,5,0.8,3,5,2.4,4,6,2.67,2,6,1.33,1,5,0.8
Bota Arkiya,Enset,6,2,19,0,7,0,0,7,0,0,7,0,1,4,1,0,4,0,0,6,0,1,6,0.67,4,6,2.67,3,6,2,2,5,1.6
Bota Arkiya,Enset,7,2,19,0,6,0,0,6,0,0,6,0,0,5,0,0,5,0,1,5,0.8,3,5,2.4,3,6,2,2,6,1.33,2,5,1.6
Bota Arkiya,Enset,8,2,19,0,5,0,0,5,0,0,5,0,0,6,0,1,6,0.67,0,5,0,2,5,1.6,2,5,1.6,1,5,0.8,1,5,0.8
Bota Arkiya,Enset,9,2,19,0,4,0,0,4,0,1,4,1,1,6,0.67,0,6,0,2,9,0.89,3,10,1.2,7,12,2.33,4,13,1.23,5,13,1.54
Bota Arkiya,Enset,10,2,19,0,6,0,0,6,0,0,6,0,1,6,0.67,1,6,0.67,1,5,0.8,4,6,2.67,5,7,2.86,2,6,1.33,2,6,1.33
Bota Arkiya,Enset,1,3,19,3,6,2,2,6,1.33,4,6,2.67,2,5,1.6,2,5,1.6,2,5,1.6,3,5,2.4,3,4,3,2,6,1.33,1,6,0.67
Bota Arkiya,Enset,2,3,19,2,6,1.33,2,6,1.33,1,6,0.67,1,5,0.8,4,5,3.2,4,4,4,4,6,2.67,5,8,2.5,3,10,1.2,3,11,1.09
Bota Arkiya,Enset,3,3,19,0,7,0,0,7,0,1,7,0.57,1,6,0.67,2,6,1.33,2,6,1.33,3,6,2,5,7,2.86,3,6,2,5,6,3.33
Bota Arkiya,Enset,4,3,19,1,7,0.57,2,7,1.14,2,7,1.14,2,6,1.33,2,6,1.33,2,5,1.6,4,6,2.67,5,6,3.33,3,6,2,3,5,2.4
Bota Arkiya,Enset,5,3,19,1,5,0.8,1,5,0.8,2,5,1.6,3,6,2,2,5,1.6,3,5,2.4,4,6,2.67,6,7,3.43,3,6,2,3,6,2
Bota Arkiya,Enset,6,3,19,0,4,0,0,4,0,0,4,0,0,3,0,0,4,0,0,4,0,2,5,1.6,1,5,0.8,0,4,0,0,5,0
Bota Arkiya,Enset,7,3,19,0,5,0,0,5,0,2,5,1.6,2,5,1.6,0,4,0,1,4,1,3,4,3,3,5,2.4,2,4,2,2,4,2
Bota Arkiya,Enset,8,3,19,2,6,1.33,3,6,2,2,6,1.33,2,5,1.6,2,5,1.6,3,6,2,4,5,3.2,4,6,2.67,2,5,1.6,1,5,0.8
Bota Arkiya,Enset,9,3,19,1,6,0.67,2,6,1.33,1,6,0.67,2,6,1.33,2,6,1.33,3,6,2,5,6,3.33,8,8,4,5,7,2.86,4,6,2.67
Bota Arkiya,Enset,10,3,19,2,6,1.33,1,6,0.67,1,6,0.67,0,5,0,0,5,0,0,5,0,2,5,1.6,3,6,2,3,6,2,2,5,1.6
Lemat,Enset,1,3,1,1,7,0.57,1,7,0.57,1,6,0.67,3,6,2,3,5,2.4,3,6,2,2,6,1.33,3,6,2,2,5,1.6,2,5,1.6
Lemat,Enset,2,3,1,1,6,0.67,1,5,0.8,1,5,0.8,1,5,0.8,1,5,0.8,1,5,0.8,1,6,0.67,2,6,1.33,2,7,1.14,1,6,0.67
Lemat,Enset,3,3,1,0,5,0,1,5,0.8,1,4,1,1,4,1,1,5,0.8,1,6,0.67,3,6,2,5,7,2.86,4,6,2.67,2,3,2.67
Lemat,Enset,4,3,1,1,6,0.67,1,5,0.8,1,5,0.8,1,5,0.8,1,5,0.8,1,6,0.67,2,6,1.33,1,5,0.8,2,5,1.6,1,5,0.8
Lemat,Enset,5,3,1,1,5,0.8,1,5,0.8,2,5,1.6,1,5,0.8,1,5,0.8,1,6,0.67,3,6,2,4,7,2.29,2,6,1.33,3,6,2
Lemat,Enset,6,3,1,0,5,0,1,5,0.8,1,5,0.8,1,5,0.8,1,5,0.8,1,6,0.67,2,6,1.33,1,6,0.67,2,6,1.33,2,5,1.6
Lemat,Enset,7,3,1,1,5,0.8,1,6,0.67,1,6,0.67,1,7,0.57,2,6,1.33,2,7,1.14,2,7,1.14,2,8,1,2,9,0.89,2,9,0.89
Lemat,Enset,8,3,1,0,5,0,1,6,0.67,1,7,0.57,1,8,0.5,1,9,0.44,1,8,0.5,2,8,1,3,9,1.33,3,9,1.33,4,8,2
Lemat,Enset,9,3,1,0,7,0,2,8,1,1,8,0.5,1,9,0.44,1,8,0.5,1,9,0.44,1,9,0.44,2,9,0.89,2,10,0.8,3,9,1.33
Lemat,Enset,10,3,1,1,6,0.67,1,7,0.57,1,7,0.57,1,9,0.44,2,9,0.89,2,10,0.8,3,9,1.33,3,10,1.2,4,11,1.45,4,10,1.6
Godere  ,Enset,1,3,8,0,6,0,0,6,0,1,6,0.67,2,5,1.6,3,4,3,3,4,3,4,5,3.2,4,5,3.2,3,4,3,5,5,4
Godere  ,Enset,2,3,8,0,5,0,0,5,0,0,5,0,1,5,0.8,2,5,1.6,2,5,1.6,3,5,2.4,5,6,3.33,6,6,4,7,7,4
Godere  ,Enset,3,3,8,0,6,0,0,6,0,1,6,0.67,4,6,2.67,4,5,3.2,4,5,3.2,5,5,4,9,9,4,8,8,4,8,8,4
Godere  ,Enset,4,3,8,1,6,0.67,1,6,0.67,2,6,1.33,3,5,2.4,2,5,1.6,3,6,2,5,6,3.33,7,7,4,7,7,4,7,7,4
Godere  ,Enset,5,3,8,0,5,0,0,5,0,1,5,0.8,2,5,1.6,3,6,2,4,5,3.2,5,5,4,6,7,3.43,6,6,4,5,5,4
Godere  ,Enset,6,3,8,0,6,0,0,6,0,0,6,0,1,5,0.8,0,5,0,1,6,0.67,2,6,1.33,3,5,2.4,3,5,2.4,4,5,3.2
Godere  ,Enset,7,3,8,0,6,0,0,6,0,1,6,0.67,1,5,0.8,1,6,0.67,2,6,1.33,3,5,2.4,7,7,4,6,6,4,5,5,4
Godere  ,Enset,8,3,8,0,5,0,0,5,0,3,5,2.4,2,5,1.6,2,5,1.6,2,5,1.6,3,5,2.4,6,6,4,6,7,3.43,8,8,4
Godere  ,Enset,9,3,8,0,5,0,0,5,0,0,5,0,0,5,0,1,5,0.8,1,5,0.8,3,4,3,3,5,2.4,4,5,3.2,3,4,3
Godere  ,Enset,10,3,8,1,5,0.8,1,4,1,2,4,2,3,5,2.4,3,5,2.4,3,6,2,4,7,2.29,5,7,2.86,5,8,2.5,6,7,3.43
Ado,Enset,1,3,14,0,7,0,0,7,0,0,7,0,0,5,0,2,7,1.14,1,2,2,1,4,1,1,4,1,1,3,1.33,1,4,1
Ado,Enset,2,3,14,0,6,0,0,6,0,0,6,0,0,4,0,0,3,0,2,3,2.67,2,2,4,2,2,4,2,3,2.67,3,3,4
Ado,Enset,3,3,14,0,6,0,0,6,0,0,6,0,0,5,0,1,4,1,1,3,1.33,3,3,4,3,4,3,3,3,4,3,3,4
Ado,Enset,4,3,14,0,6,0,0,6,0,0,6,0,1,6,0.67,1,5,0.8,2,4,2,1,4,1,1,4,1,2,4,2,1,4,1
Ado,Enset,5,3,14,0,6,0,0,6,0,0,6,0,0,4,0,1,4,1,1,5,0.8,2,5,1.6,1,5,0.8,2,5,1.6,1,5,0.8
Ado,Enset,6,3,14,0,6,0,0,6,0,0,6,0,1,4,1,1,4,1,1,6,0.67,4,6,2.67,4,6,2.67,4,6,2.67,4,6,2.67
Ado,Enset,7,3,14,0,6,0,0,6,0,0,6,0,1,6,0.67,1,5,0.8,1,7,0.57,3,7,1.71,5,7,2.86,4,7,2.29,6,7,3.43
Ado,Enset,8,3,14,0,6,0,0,6,0,0,6,0,0,3,0,1,4,1,1,8,0.5,2,8,1,2,8,1,2,8,1,1,8,0.5
Ado,Enset,9,3,14,0,6,0,1,6,0.67,0,6,0,0,6,0,0,5,0,1,9,0.44,4,9,1.78,3,9,1.33,3,9,1.33,3,9,1.33
Ado,Enset,10,3,14,0,6,0,0,6,0,1,6,0.67,1,5,0.8,1,5,0.8,1,10,0.4,4,10,1.6,3,10,1.2,3,10,1.2,4,10,1.6
Nechuwe,Enset,1,3,2,0,5,0,0,5,0,0,5,0,1,4,1,1,4,1,2,3,2.67,3,3,4,3,4,3,2,4,2,2,5,1.6
Nechuwe,Enset,2,3,2,0,4,0,0,4,0,0,5,0,1,5,0.8,2,5,1.6,2,6,1.33,4,6,2.67,4,6,2.67,5,7,2.86,3,3,4
Nechuwe,Enset,3,3,2,0,6,0,2,6,1.33,3,6,2,2,5,1.6,2,4,2,2,4,2,3,5,2.4,4,6,2.67,3,7,1.71,1,6,0.67
Nechuwe,Enset,4,3,2,0,5,0,0,5,0,2,5,1.6,2,4,2,3,5,2.4,4,4,4,3,4,3,4,4,4,3,3,4,2,4,2
Nechuwe,Enset,5,3,2,0,5,0,0,5,0,0,5,0,0,3,0,0,4,0,2,3,2.67,3,3,4,3,4,3,4,4,4,4,4,4
Nechuwe,Enset,6,3,2,0,5,0,0,5,0,2,5,1.6,3,5,2.4,3,4,3,2,4,2,3,4,3,3,4,3,3,4,3,3,5,2.4
Nechuwe,Enset,7,3,2,0,5,0,0,5,0,0,5,0,1,4,1,1,4,1,2,3,2.67,3,3,4,3,4,3,2,4,2,2,5,1.6
Nechuwe,Enset,8,3,2,0,5,0,0,5,0,0,5,0,2,3,2.67,0,3,0,1,3,1.33,2,3,2.67,2,3,2.67,3,4,3,3,3,4
Nechuwe,Enset,9,3,2,0,6,0,2,6,1.33,3,6,2,2,5,1.6,2,4,2,2,4,2,3,5,2.4,3,5,2.4,1,5,0.8,1,6,0.67
Nechuwe,Enset,10,3,2,0,5,0,0,5,0,2,5,1.6,2,4,2,3,5,2.4,4,4,4,3,4,3,4,4,4,3,3,4,2,4,2
Bededet,Enset,1,3,15,0,5,0,0,5,0,1,5,0.8,0,5,0,0,5,0,1,5,0.8,3,4,3,3,5,2.4,3,5,2.4,2,4,2
Bededet,Enset,2,3,15,0,5,0,0,5,0,0,5,0,0,3,0,0,3,0,1,4,1,2,5,1.6,2,6,1.33,2,6,1.33,3,6,2
Bededet,Enset,3,3,15,0,5,0,0,5,0,0,5,0,1,5,0.8,1,4,1,0,6,0,1,6,0.67,2,8,1,1,9,0.44,1,9,0.44
Bededet,Enset,4,3,15,0,6,0,0,6,0,0,6,0,1,5,0.8,1,4,1,1,6,0.67,2,7,1.14,3,8,1.5,2,9,0.89,2,10,0.8
Bededet,Enset,5,3,15,1,6,0.67,1,6,0.67,2,6,1.33,1,5,0.8,0,6,0,1,8,0.5,3,10,1.2,5,11,1.82,4,11,1.45,4,11,1.45
Bededet,Enset,6,3,15,0,6,0,0,6,0,0,6,0,0,5,0,0,5,0,2,5,1.6,2,5,1.6,2,6,1.33,2,7,1.14,1,6,0.67
Bededet,Enset,7,3,15,0,7,0,0,7,0,1,7,0.57,1,6,0.67,1,6,0.67,1,7,0.57,2,9,0.89,1,9,0.44,0,9,0,1,10,0.4
Bededet,Enset,8,3,15,0,7,0,0,6,0,0,6,0,1,5,0.8,1,4,1,1,6,0.67,2,7,1.14,3,8,1.5,2,9,0.89,2,10,0.8
Bededet,Enset,9,3,15,0,7,0,1,6,0.67,1,6,0.67,1,5,0.8,0,7,0,1,8,0.5,3,10,1.2,5,11,1.82,4,11,1.45,4,11,1.45
Bededet,Enset,10,3,15,0,6,0,0,6,0,0,6,0,0,5,0,0,5,0,2,5,1.6,2,5,1.6,2,6,1.33,2,7,1.14,1,6,0.67
Mazia,Enset,1,3,11,0,6,0,0,6,0,0,6,0,0,4,0,0,4,0,1,4,1,3,5,2.4,3,5,2.4,4,6,2.67,3,6,2
Mazia,Enset,2,3,11,0,5,0,0,5,0,0,5,0,0,3,0,0,3,0,1,3,1.33,2,5,1.6,2,4,2,3,5,2.4,2,5,1.6
Mazia,Enset,3,3,11,0,5,0,0,5,0,0,5,0,0,3,0,1,5,0.8,2,5,1.6,3,5,2.4,4,5,3.2,3,6,2,3,5,2.4
Mazia,Enset,4,3,11,0,6,0,0,6,0,0,6,0,1,4,1,2,4,2,3,4,3,3,5,2.4,4,6,2.67,1,5,0.8,2,5,1.6
Mazia,Enset,5,3,11,1,5,0.8,3,5,2.4,3,5,2.4,3,5,2.4,2,5,1.6,4,5,3.2,4,5,3.2,5,6,3.33,4,7,2.29,3,6,2
Mazia,Enset,6,3,11,0,6,0,0,6,0,0,6,0,0,4,0,0,4,0,1,4,1,2,6,1.33,4,7,2.29,2,7,1.14,3,7,1.71
Mazia,Enset,7,3,11,0,6,0,0,6,0,1,6,0.67,1,4,1,0,4,0,0,4,0,2,5,1.6,1,5,0.8,2,5,1.6,2,5,1.6
Mazia,Enset,8,3,11,0,6,0,0,6,0,0,6,0,0,5,0,0,5,0,0,5,0,1,5,0.8,3,6,2,3,6,2,3,6,2
Mazia,Enset,9,3,11,0,7,0,0,7,0,0,7,0,0,4,0,0,4,0,0,4,0,2,5,1.6,2,5,1.6,2,5,1.6,2,5,1.6
Mazia,Enset,10,3,11,0,6,0,0,7,0,0,8,0,0,8,0,0,8,0,0,7,0,0,6,0,0,7,0,0,7,0,0,6,0
Yesha,Enset,1,3,9,2,6,1.33,2,6,1.33,3,6,2,3,5,2.4,3,6,2,4,6,2.67,4,5,3.2,8,8,4,6,6,4,7,7,4
Yesha,Enset,2,3,9,3,6,2,4,6,2.67,4,6,2.67,4,6,2.67,4,7,2.29,5,7,2.86,5,6,3.33,6,6,4,4,5,3.2,5,7,2.86
Yesha,Enset,3,3,9,3,5,2.4,3,5,2.4,2,5,1.6,2,5,1.6,2,6,1.33,3,6,2,4,5,3.2,4,5,3.2,3,5,2.4,2,5,1.6
Yesha,Enset,4,3,9,2,5,1.6,2,5,1.6,2,5,1.6,2,4,2,3,7,1.71,4,7,2.29,4,5,3.2,5,6,3.33,4,6,2.67,3,5,2.4
Yesha,Enset,5,3,9,1,5,0.8,1,5,0.8,2,5,1.6,3,5,2.4,4,7,2.29,5,7,2.86,4,6,2.67,7,7,4,4,7,2.29,5,7,2.86
Yesha,Enset,6,3,9,0,5,0,0,5,0,0,5,0,0,3,0,0,5,0,1,5,0.8,7,7,4,7,7,4,7,7,4,5,5,4
Yesha,Enset,7,3,9,1,6,0.67,2,6,1.33,2,6,1.33,2,5,1.6,2,7,1.14,3,7,1.71,5,5,4,6,6,4,5,7,2.86,7,7,4
Yesha,Enset,8,3,9,0,6,0,1,6,0.67,2,6,1.33,2,4,2,3,6,2,4,6,2.67,4,5,3.2,6,6,4,4,5,3.2,4,5,3.2
Yesha,Enset,9,3,9,1,5,0.8,2,5,1.6,2,5,1.6,3,5,2.4,3,5,2.4,4,5,3.2,7,7,4,7,7,4,7,7,4,5,5,4
Yesha,Enset,10,3,9,2,5,1.6,3,5,2.4,4,5,3.2,3,4,3,4,7,2.29,5,7,2.86,5,6,3.33,5,6,3.33,4,6,2.67,5,5,4
Unjame,Enset,1,3,3,1,6,0.67,4,6,2.67,3,6,2,3,6,2,3,5,2.4,2,5,1.6,4,5,3.2,4,5,3.2,3,6,2,2,5,1.6
Unjame,Enset,2,3,3,1,5,0.8,3,5,2.4,2,5,1.6,2,5,1.6,2,5,1.6,3,5,2.4,4,5,3.2,5,5,4,2,5,1.6,3,6,2
Unjame,Enset,3,3,3,1,6,0.67,2,6,1.33,2,6,1.33,2,5,1.6,2,5,1.6,2,5,1.6,4,5,3.2,4,5,3.2,3,5,2.4,3,6,2
Unjame,Enset,4,3,3,0,5,0,2,5,1.6,2,5,1.6,2,4,2,2,4,2,2,4,2,4,5,3.2,6,6,4,3,5,2.4,4,5,3.2
Unjame,Enset,5,3,3,1,6,0.67,1,6,0.67,2,6,1.33,0,4,0,2,5,1.6,3,5,2.4,5,6,3.33,4,7,2.29,2,8,1,2,9,0.89
Unjame,Enset,6,3,3,1,5,0.8,2,5,1.6,1,5,0.8,2,5,1.6,2,7,1.14,3,7,1.71,5,8,2.5,8,9,3.56,4,7,2.29,5,7,2.86
Unjame,Enset,7,3,3,1,5,0.8,1,5,0.8,2,5,1.6,2,5,1.6,2,4,2,2,4,2,4,5,3.2,6,6,4,4,5,3.2,3,5,2.4
Unjame,Enset,8,3,3,0,6,0,1,6,0.67,1,6,0.67,0,2,0,1,5,0.8,1,5,0.8,2,5,1.6,2,7,1.14,2,7,1.14,1,6,0.67
Unjame,Enset,9,3,3,0,6,0,1,6,0.67,1,6,0.67,1,5,0.8,0,5,0,1,5,0.8,3,5,2.4,2,5,1.6,4,6,2.67,3,6,2
Unjame,Enset,10,3,3,1,6,0.67,0,6,0,4,6,2.67,4,4,4,4,5,3.2,5,5,4,4,4,4,5,5,4,6,6,4,6,6,4
Gefetano,Enset,1,3,7,0,5,0,0,5,0,0,5,0,0,5,0,1,5,0.8,2,4,2,2,4,2,2,3,2.67,2,4,2,2,4,2
Gefetano,Enset,2,3,7,1,5,0.8,1,5,0.8,0,5,0,0,4,0,2,6,1.33,3,5,2.4,2,5,1.6,3,5,2.4,1,5,0.8,1,6,0.67
Gefetano,Enset,3,3,7,1,5,0.8,1,5,0.8,3,5,2.4,3,6,2,2,4,2,3,5,2.4,6,6,4,5,6,3.33,5,5,4,5,5,4
Gefetano,Enset,4,3,7,1,5,0.8,1,5,0.8,2,5,1.6,3,4,3,2,4,2,2,4,2,2,4,2,2,5,1.6,1,6,0.67,1,6,0.67
Gefetano,Enset,5,3,7,0,5,0,0,5,0,0,5,0,0,4,0,0,4,0,1,4,1,2,4,2,2,4,2,2,5,1.6,3,4,3
Gefetano,Enset,6,3,7,0,4,0,0,4,0,1,4,1,1,5,0.8,2,5,1.6,3,4,3,3,4,3,4,4,4,3,4,3,3,5,2.4
Gefetano,Enset,7,3,7,0,5,0,0,5,0,2,5,1.6,2,5,1.6,1,5,0.8,3,5,2.4,2,5,1.6,3,4,3,2,4,2,1,4,1
Gefetano,Enset,8,3,7,0,5,0,0,5,0,2,5,1.6,2,5,1.6,1,4,1,3,4,3,3,4,3,3,4,3,3,5,2.4,2,5,1.6
Gefetano,Enset,9,3,7,0,4,0,0,4,0,0,4,0,0,5,0,3,6,2,4,4,4,3,4,3,3,5,2.4,3,5,2.4,3,4,3
Gefetano,Enset,10,3,7,0,5,0,0,5,0,1,5,0.8,0,5,0,1,4,1,2,3,2.67,2,3,2.67,4,4,4,3,4,3,6,6,4
Wachiso,Enset,1,3,5,3,7,1.71,3,7,1.71,3,7,1.71,3,5,2.4,4,6,2.67,4,6,2.67,4,6,2.67,9,9,4,3,9,1.33,5,9,2.22
Wachiso,Enset,2,3,5,3,6,2,3,6,2,3,6,2,3,5,2.4,2,6,1.33,4,6,2.67,4,6,2.67,7,7,4,4,6,2.67,2,6,1.33
Wachiso,Enset,3,3,5,1,5,0.8,2,5,1.6,2,5,1.6,4,5,3.2,4,5,3.2,3,4,3,3,4,3,7,7,4,5,5,4,5,5,4
Wachiso,Enset,4,3,5,0,5,0,1,5,0.8,1,5,0.8,2,5,1.6,2,6,1.33,3,5,2.4,4,5,3.2,5,8,2.5,3,8,1.5,3,8,1.5
Wachiso,Enset,5,3,5,1,5,0.8,4,5,3.2,4,5,3.2,4,5,3.2,4,5,3.2,5,5,4,5,5,4,9,9,4,7,7,4,7,7,4
Wachiso,Enset,6,3,5,1,5,0.8,2,5,1.6,3,5,2.4,4,6,2.67,4,7,2.29,4,5,3.2,5,5,4,6,7,3.43,4,7,2.29,5,7,2.86
Wachiso,Enset,7,3,5,2,6,1.33,3,6,2,3,6,2,3,5,2.4,4,5,3.2,4,5,3.2,5,5,4,8,8,4,7,7,4,6,6,4
Wachiso,Enset,8,3,5,0,5,0,0,5,0,2,5,1.6,0,4,0,0,5,0,1,5,0.8,2,5,1.6,2,5,1.6,2,5,1.6,2,6,1.33
Wachiso,Enset,9,3,5,2,5,1.6,3,5,2.4,3,5,2.4,2,5,1.6,3,7,1.71,5,7,2.86,5,7,2.86,9,9,4,6,7,3.43,6,7,3.43
Wachiso,Enset,10,3,5,0,5,0,0,5,0,0,6,0,0,6,0,0,6,0,2,6,1.33,3,6,2,7,7,4,5,5,4,4,5,3.2
Gezewet,Enset,1,3,20,0,6,0,0,6,0,1,6,0.67,0,6,0,1,3,1.33,1,2,2,1,3,1.33,4,4,4,3,6,2,3,3,4
Gezewet,Enset,2,3,20,1,7,0.57,1,7,0.57,1,7,0.57,1,4,1,1,4,1,1,4,1,1,5,0.8,3,6,2,2,6,1.33,2,6,1.33
Gezewet,Enset,3,3,20,1,6,0.67,0,6,0,1,6,0.67,0,3,0,0,4,0,1,4,1,1,5,0.8,4,6,2.67,1,6,0.67,1,4,1
Gezewet,Enset,4,3,20,0,5,0,1,5,0.8,0,5,0,0,2,0,0,4,0,1,5,0.8,1,5,0.8,4,7,2.29,4,7,2.29,4,7,2.29
Gezewet,Enset,5,3,20,0,6,0,0,6,0,0,6,0,0,5,0,1,4,1,2,5,1.6,3,5,2.4,3,4,3,2,6,1.33,1,3,1.33
Gezewet,Enset,6,3,20,1,6,0.67,0,6,0,0,6,0,0,6,0,1,5,0.8,1,5,0.8,2,6,1.33,3,6,2,1,6,0.67,2,6,1.33
Gezewet,Enset,7,3,20,0,6,0,0,6,0,0,6,0,1,5,0.8,0,3,0,1,4,1,1,3,1.33,2,4,2,2,6,1.33,2,2,4
Gezewet,Enset,8,3,20,1,6,0.67,0,6,0,1,6,0.67,0,3,0,0,5,0,2,5,1.6,3,5,2.4,5,5,4,4,6,2.67,2,4,2
Gezewet,Enset,9,3,20,0,6,0,0,6,0,1,6,0.67,0,5,0,1,5,0.8,2,5,1.6,3,6,2,5,6,3.33,3,7,1.71,5,6,3.33
Gezewet,Enset,10,3,20,0,5,0,1,5,0.8,1,5,0.8,0,5,0,1,5,0.8,1,5,0.8,1,5,0.8,2,6,1.33,1,6,0.67,1,5,0.8
Ginbuwe,Enset,1,3,17,1,5,0.8,2,5,1.6,2,5,1.6,1,5,0.8,1,4,1,2,4,2,3,5,2.4,4,6,2.67,4,5,3.2,3,5,2.4
Ginbuwe,Enset,2,3,17,1,6,0.67,2,6,1.33,1,6,0.67,1,6,0.67,1,4,1,4,5,3.2,5,5,4,6,7,3.43,4,6,2.67,3,5,2.4
Ginbuwe,Enset,3,3,17,1,6,0.67,1,6,0.67,3,6,2,2,4,2,3,5,2.4,3,5,2.4,4,4,4,4,5,3.2,3,5,2.4,2,5,1.6
Ginbuwe,Enset,4,3,17,1,5,0.8,2,5,1.6,1,5,0.8,0,4,0,1,5,0.8,1,4,1,3,5,2.4,3,6,2,1,5,0.8,1,6,0.67
Ginbuwe,Enset,5,3,17,0,5,0,0,5,0,0,5,0,0,5,0,0,5,0,2,6,1.33,4,6,2.67,4,6,2.67,2,6,1.33,1,5,0.8
Ginbuwe,Enset,6,3,17,1,6,0.67,2,6,1.33,3,6,2,3,5,2.4,4,5,3.2,4,6,2.67,4,6,2.67,3,5,2.4,3,6,2,3,7,1.71
Ginbuwe,Enset,7,3,17,1,6,0.67,1,6,0.67,3,6,2,2,4,2,3,5,2.4,3,5,2.4,4,4,4,4,5,3.2,3,5,2.4,2,5,1.6
Ginbuwe,Enset,8,3,17,1,5,0.8,2,5,1.6,2,6,1.33,3,5,2.4,3,6,2,2,6,1.33,4,6,2.67,4,6,2.67,2,6,1.33,1,5,0.8
Ginbuwe,Enset,9,3,17,1,6,0.67,2,6,1.33,1,6,0.67,2,6,1.33,2,5,1.6,4,5,3.2,5,5,4,6,7,3.43,4,6,2.67,3,5,2.4
Ginbuwe,Enset,10,3,17,0,5,0,1,5,0.8,1,5,0.8,3,5,2.4,2,6,1.33,2,5,1.6,2,5,1.6,4,5,3.2,4,6,2.67,4,5,3.2
Genticha,Enset,1,3,16,3,5,2.4,2,5,1.6,1,5,0.8,1,4,1,3,5,2.4,4,5,3.2,4,5,3.2,6,6,4,5,5,4,4,5,3.2
Genticha,Enset,2,3,16,3,6,2,2,6,1.33,1,6,0.67,1,4,1,2,5,1.6,3,5,2.4,4,4,4,4,5,3.2,3,4,3,5,5,4
Genticha,Enset,3,3,16,1,6,0.67,3,4,3,2,4,2,2,4,2,1,4,1,1,4,1,3,4,3,2,4,2,1,4,1,2,5,1.6
Genticha,Enset,4,3,16,1,6,0.67,3,5,2.4,2,5,1.6,2,5,1.6,3,5,2.4,4,4,4,5,5,4,7,7,4,5,6,3.33,4,6,2.67
Genticha,Enset,5,3,16,1,6,0.67,3,6,2,2,6,1.33,3,5,2.4,3,5,2.4,5,6,3.33,4,6,2.67,8,8,4,6,6,4,5,5,4
Genticha,Enset,6,3,16,0,6,0,2,5,1.6,3,5,2.4,1,5,0.8,0,5,0,1,5,0.8,2,5,1.6,3,6,2,2,5,1.6,3,5,2.4
Genticha,Enset,7,3,16,0,5,0,1,5,0.8,2,5,1.6,2,5,1.6,1,5,0.8,2,5,1.6,3,4,3,3,4,3,2,5,1.6,2,5,1.6
Genticha,Enset,8,3,16,0,5,0,1,5,0.8,0,5,0,0,5,0,1,6,0.67,2,5,1.6,3,5,2.4,5,5,4,3,4,3,2,4,2
Genticha,Enset,9,3,16,0,6,0,2,6,1.33,3,6,2,3,6,2,3,5,2.4,3,5,2.4,4,5,3.2,6,6,4,4,5,3.2,3,4,3
Genticha,Enset,10,3,16,0,6,0,2,6,1.33,1,6,0.67,1,5,0.8,2,5,1.6,3,4,3,4,4,4,4,4,4,3,5,2.4,4,6,2.67
Kuro,Enset,1,3,13,3,6,2,3,7,1.71,0,5,0,0,3,0,1,3,1.33,4,4,4,6,6,4,7,7,4,6,6,4,6,6,4
Kuro,Enset,2,3,13,0,7,0,0,5,0,0,5,0,1,4,1,1,4,1,2,5,1.6,4,5,3.2,3,5,2.4,2,6,1.33,3,7,1.71
Kuro,Enset,3,3,13,0,5,0,0,4,0,0,6,0,0,3,0,1,5,0.8,3,5,2.4,3,6,2,5,7,2.86,3,6,2,4,6,2.67
Kuro,Enset,4,3,13,0,4,0,0,5,0,0,5,0,0,6,0,1,4,1,2,5,1.6,4,5,3.2,4,5,3.2,2,5,1.6,3,6,2
Kuro,Enset,5,3,13,0,5,0,0,6,0,0,8,0,0,4,0,1,4,1,3,4,3,3,5,2.4,3,5,2.4,3,6,2,3,5,2.4
Kuro,Enset,6,3,13,0,6,0,0,5,0,0,7,0,0,3,0,1,5,0.8,1,7,0.57,2,8,1,3,8,1.5,3,8,1.5,3,7,1.71
Kuro,Enset,7,3,13,0,5,0,0,5,0,0,6,0,0,5,0,0,4,0,2,5,1.6,3,6,2,6,7,3.43,5,5,4,4,4,4
Kuro,Enset,8,3,13,0,5,0,0,5,0,0,4,0,0,3,0,1,4,1,3,5,2.4,4,4,4,3,5,2.4,2,6,1.33,2,6,1.33
Kuro,Enset,9,3,13,0,4,0,0,5,0,0,5,0,0,3,0,1,4,1,2,6,1.33,3,5,2.4,3,6,2,3,6,2,3,5,2.4
Kuro,Enset,10,3,13,0,4,0,0,5,0,0,6,0,2,5,1.6,0,4,0,0,4,0,1,5,0.8,2,7,1.14,2,6,1.33,1,5,0.8
Hae'la,Enset,1,3,6,0,5,0,0,5,0,1,5,0.8,1,6,0.67,2,5,1.6,2,5,1.6,3,5,2.4,6,6,4,4,5,3.2,2,5,1.6
Hae'la,Enset,2,3,6,0,6,0,0,6,0,1,6,0.67,0,3,0,2,5,1.6,2,7,1.14,2,6,1.33,4,7,2.29,4,7,2.29,1,7,0.57
Hae'la,Enset,3,3,6,0,5,0,1,5,0.8,0,5,0,0,2,0,0,3,0,1,5,0.8,2,4,2,3,5,2.4,3,4,3,2,4,2
Hae'la,Enset,4,3,6,0,6,0,0,6,0,0,6,0,0,4,0,0,3,0,2,4,2,5,5,4,5,5,4,2,4,2,4,5,3.2
Hae'la,Enset,5,3,6,0,8,0,0,8,0,0,8,0,0,4,0,1,4,1,1,4,1,3,5,2.4,5,6,3.33,4,5,3.2,3,5,2.4
Hae'la,Enset,6,3,6,0,6,0,0,6,0,0,6,0,0,5,0,0,3,0,1,4,1,2,4,2,2,4,2,1,5,0.8,1,6,0.67
Hae'la,Enset,7,3,6,0,6,0,0,6,0,0,6,0,0,4,0,1,6,0.67,2,5,1.6,3,5,2.4,4,5,3.2,4,5,3.2,5,5,4
Hae'la,Enset,8,3,6,0,5,0,0,5,0,0,5,0,0,4,0,0,3,0,1,4,1,3,4,3,2,4,2,2,4,2,2,5,1.6
Hae'la,Enset,9,3,6,0,5,0,0,5,0,0,5,0,0,5,0,0,5,0,0,6,0,1,6,0.67,3,7,1.71,3,7,1.71,3,7,1.71
Hae'la,Enset,10,3,6,1,5,0.8,0,5,0,0,5,0,2,5,1.6,0,6,0,2,6,1.33,4,6,2.67,5,6,3.33,4,6,2.67,6,6,4
Dirbo,Enset,1,3,4,1,6,0.67,1,6,0.67,1,6,0.67,7,7,4,3,5,2.4,2,5,1.6,3,5,2.4,4,6,2.67,4,7,2.29,4,7,2.29
Dirbo,Enset,2,3,4,1,6,0.67,4,6,2.67,4,6,2.67,2,6,1.33,5,5,4,7,7,4,7,7,4,10,10,4,8,8,4,7,7,4
Dirbo,Enset,3,3,4,0,6,0,3,6,2,3,6,2,1,5,0.8,2,5,1.6,2,5,1.6,3,6,2,5,7,2.86,3,7,1.71,4,6,2.67
Dirbo,Enset,4,3,4,0,5,0,0,5,0,1,5,0.8,2,6,1.33,1,5,0.8,2,6,1.33,4,7,2.29,3,7,1.71,2,8,1,3,7,1.71
Dirbo,Enset,5,3,4,0,7,0,0,7,0,2,7,1.14,4,6,2.67,5,6,3.33,6,6,4,5,6,3.33,8,8,4,5,7,2.86,4,7,2.29
Dirbo,Enset,6,3,4,1,6,0.67,1,6,0.67,4,6,2.67,0,6,0,4,6,2.67,5,6,3.33,5,5,4,5,5,4,4,6,2.67,5,7,2.86
Dirbo,Enset,7,3,4,1,6,0.67,4,6,2.67,4,6,2.67,2,6,1.33,5,5,4,7,7,4,7,7,4,10,10,4,8,8,4,7,7,4
Dirbo,Enset,8,3,4,0,6,0,3,6,2,3,6,2,4,6,2.67,4,5,3.2,3,5,2.4,4,6,2.67,5,7,2.86,3,7,1.71,4,6,2.67
Dirbo,Enset,9,3,4,0,5,0,0,5,0,1,5,0.8,2,6,1.33,1,5,0.8,2,6,1.33,4,7,2.29,3,7,1.71,2,8,1,3,7,1.71
Dirbo,Enset,10,3,4,0,7,0,0,7,0,2,7,1.14,4,6,2.67,5,6,3.33,6,6,4,5,6,3.33,8,8,4,5,7,2.86,4,7,2.29
Alagena,Enset,1,3,10,0,6,0,0,6,0,2,6,1.33,2,4,2,2,5,1.6,3,5,2.4,4,6,2.67,6,7,3.43,5,6,3.33,3,4,3
Alagena,Enset,2,3,10,0,6,0,2,6,1.33,2,6,1.33,2,5,1.6,2,5,1.6,2,5,1.6,3,5,2.4,4,5,3.2,3,6,2,1,5,0.8
Alagena,Enset,3,3,10,1,6,0.67,2,6,1.33,2,6,1.33,0,4,0,1,5,0.8,2,4,2,2,5,1.6,4,6,2.67,3,6,2,3,6,2
Alagena,Enset,4,3,10,0,6,0,1,6,0.67,0,6,0,0,5,0,0,5,0,2,5,1.6,2,6,1.33,5,7,2.86,3,8,1.5,2,7,1.14
Alagena,Enset,5,3,10,0,5,0,0,5,0,0,5,0,0,5,0,0,5,0,1,5,0.8,3,6,2,5,7,2.86,4,6,2.67,4,5,3.2
Alagena,Enset,6,3,10,0,7,0,0,7,0,0,7,0,1,5,0.8,0,6,0,1,7,0.57,1,8,0.5,4,9,1.78,2,6,1.33,2,8,1
Alagena,Enset,7,3,10,1,6,0.67,0,6,0,0,6,0,2,4,2,1,4,1,1,5,0.8,1,4,1,3,5,2.4,4,9,1.78,2,4,2
Alagena,Enset,8,3,10,0,6,0,2,6,1.33,2,6,1.33,2,5,1.6,2,5,1.6,2,4,2,2,5,1.6,4,6,2.67,3,5,2.4,1,4,1
Alagena,Enset,9,3,10,1,6,0.67,2,6,1.33,3,7,1.71,4,7,2.29,3,6,2,2,6,1.33,2,7,1.14,2,7,1.14,3,6,2,2,7,1.14
Alagena,Enset,10,3,10,0,5,0,2,5,1.6,2,5,1.6,0,5,0,2,5,1.6,1,6,0.67,1,5,0.8,2,6,1.33,3,7,1.71,2,6,1.33
Abatemerza,Enset,1,3,12,0,4,0,0,5,0,0,5,0,0,2,0,0,3,0,2,4,2,2,4,2,5,5,4,4,5,3.2,5,5,4
Abatemerza,Enset,2,3,12,1,5,0.8,1,7,0.57,1,7,0.57,1,4,1,1,5,0.8,2,4,2,3,4,3,4,4,4,3,5,2.4,4,4,4
Abatemerza,Enset,3,3,12,0,7,0,2,6,1.33,1,6,0.67,5,6,3.33,5,6,3.33,3,5,2.4,2,5,1.6,3,4,3,2,6,1.33,2,5,1.6
Abatemerza,Enset,4,3,12,0,6,0,0,6,0,0,6,0,2,5,1.6,3,6,2,5,5,4,4,5,3.2,7,7,4,7,7,4,7,7,4
Abatemerza,Enset,5,3,12,1,6,0.67,1,6,0.67,1,6,0.67,2,5,1.6,2,5,1.6,3,5,2.4,2,5,1.6,4,5,3.2,4,6,2.67,4,5,3.2
Abatemerza,Enset,6,3,12,1,6,0.67,1,4,1,1,4,1,2,5,1.6,2,6,1.33,4,5,3.2,4,5,3.2,4,5,3.2,4,6,2.67,4,5,3.2
Abatemerza,Enset,7,3,12,1,6,0.67,1,7,0.57,1,7,0.57,1,3,1.33,1,4,1,1,5,0.8,1,5,0.8,3,5,2.4,4,6,2.67,5,6,3.33
Abatemerza,Enset,8,3,12,0,7,0,1,6,0.67,1,6,0.67,0,3,0,0,3,0,1,4,1,2,4,2,1,4,1,3,6,2,1,6,0.67
Abatemerza,Enset,9,3,12,0,6,0,1,6,0.67,1,5,0.8,1,4,1,1,5,0.8,1,5,0.8,1,5,0.8,3,5,2.4,4,5,3.2,4,5,3.2
Abatemerza,Enset,10,3,12,0,6,0,0,7,0,1,7,0.57,2,4,2,2,5,1.6,2,5,1.6,2,5,1.6,4,5,3.2,3,6,2,5,5,4
Arkiya,Enset,1,3,18,2,6,1.33,3,6,2,3,6,2,2,6,1.33,2,7,1.14,3,5,2.4,3,5,2.4,8,8,4,6,7,3.43,2,6,1.33
Arkiya,Enset,2,3,18,2,6,1.33,2,6,1.33,2,6,1.33,3,6,2,3,6,2,4,5,3.2,2,6,1.33,6,6,4,5,6,3.33,3,5,2.4
Arkiya,Enset,3,3,18,1,5,0.8,3,6,2,4,6,2.67,4,7,2.29,5,7,2.86,5,8,2.5,6,9,2.67,6,8,3,7,8,3.5,8,8,4
Arkiya,Enset,4,3,18,1,6,0.67,3,6,2,3,6,2,2,6,1.33,2,7,1.14,3,5,2.4,3,5,2.4,8,8,4,6,7,3.43,2,6,1.33
Arkiya,Enset,5,3,18,1,6,0.67,2,6,1.33,2,6,1.33,3,6,2,3,6,2,4,5,3.2,2,6,1.33,6,6,4,5,6,3.33,3,5,2.4
Arkiya,Enset,6,3,18,3,5,2.4,3,6,2,4,6,2.67,4,7,2.29,5,7,2.86,5,8,2.5,6,9,2.67,6,8,3,7,8,3.5,8,8,4
Arkiya,Enset,7,3,18,0,6,0,3,6,2,3,6,2,3,6,2,3,7,1.71,3,5,2.4,3,5,2.4,8,8,4,6,7,3.43,2,6,1.33
Arkiya,Enset,8,3,18,0,6,0,3,6,2,4,6,2.67,4,6,2.67,4,7,2.29,5,7,2.86,5,6,3.33,6,6,4,5,6,3.33,6,6,4
Arkiya,Enset,9,3,18,0,5,0,4,7,2.29,4,6,2.67,4,7,2.29,5,7,2.86,5,8,2.5,6,9,2.67,6,8,3,7,8,3.5,8,8,4
Arkiya,Enset,10,3,18,0,5,0,3,6,2,4,7,2.29,4,7,2.29,5,8,2.5,5,9,2.22,6,9,2.67,7,8,3.5,8,8,4,8,8,4
